date,original_price,predicted_price_rnn,predicted_price_lstm,predicted_price_sarimax,LSTM_Error
2018-07-01,6347.841680555555,5113.929,6491.898,6416.420507308419,-144.05626866319471
2018-07-02,6409.252,5169.769,6548.433,6447.087920905384,-139.1811054687496
2018-07-03,6605.4253263888895,5385.4517,6708.03,6419.89429694088,-102.60445876736048
2018-07-04,6556.878479166667,5326.634,6671.6104,6444.007617811082,-114.7318723958333
2018-07-05,6604.869944444445,5384.77,6707.606,6422.625684893707,-102.73601258680537
2018-07-06,6530.6177986111115,5295.316,6652.328,6441.585622338412,-121.71032638888846
2018-07-07,6573.729868055555,5346.561,6684.0884,6424.773333697519,-110.35851085069498
2018-07-08,6711.586194444444,5518.3545,6790.58,6439.681244135991,-78.99388368055588
2018-07-09,6713.113548611111,5520.263,6791.7734,6426.461997286938,-78.65988888888933
2018-07-10,6535.382736111112,5300.8643,6655.8267,6438.183860520382,-120.44392404513837
2018-07-11,6354.7077222222215,5120.172,6498.1313,6427.78976778329,-143.4236254340285
2018-07-12,6253.119368055556,5029.9614,6408.822,6437.006490558133,-155.70240928819385
2018-07-13,6230.450048611111,5008.058,6389.3223,6428.833773529627,-158.87221701388899
2018-07-14,6225.762416666667,5003.5293,6385.2905,6436.080742464219,-159.52811067708262
2018-07-15,6301.343180555556,5072.9375,6450.516,6429.654659368994,-149.1729327256944
2018-07-16,6470.058861111111,5230.9585,6605.3145,6435.352840818293,-135.25559201388933
2018-07-17,6767.414027777777,5589.5483,6834.506,6430.3001094190895,-67.09183159722306
2018-07-18,7402.444715277778,6564.5566,7415.6753,6434.7805028252415,-13.230577690971586
2018-07-19,7369.484597222223,6524.7207,7384.8315,6430.807616976401,-15.346945746527126
2018-07-20,7440.7673125,6609.968,7451.6606,6434.330482166375,-10.893332031249884
2018-07-21,7334.680305555556,6481.4604,7352.2705,6431.206662449695,-17.590202256944394
2018-07-22,7444.027069444444,6613.867,7454.727,6433.976637766971,-10.69998133680565
2018-07-23,7631.053944444444,6818.9253,7624.908,6431.520425835997,6.145741319443914
2018-07-24,7979.561638888888,7104.6543,7937.33,6433.698415297575,42.23156076388841
2018-07-25,8263.545583333334,7289.499,8195.88,6431.767133214411,67.66570052083443
2018-07-26,8225.92807638889,7266.3735,8161.173,6433.479653201559,64.75522482638917
2018-07-27,7991.436277777778,7112.13,7948.026,6431.961115473721,43.41039887152783
2018-07-28,8187.774590277778,7240.7983,8125.9834,6433.30764389276,61.79119184027786
2018-07-29,8199.048312500001,7248.327,8136.3794,6432.113640773811,62.668917968750975
2018-07-30,8143.904333333334,7210.6577,8085.62,6433.172395589455,58.28421614583385
2018-07-31,7987.310534722222,7109.5312,7944.309,6432.233569097413,43.001452690971746
2018-08-01,7597.627284722222,6784.35,7595.0625,6433.066051905648,2.5647847222217024
2018-08-02,7589.413951388889,6775.5723,7587.7295,6432.327866914193,1.684459201388563
2018-08-03,7417.472083333334,6582.1313,7429.756,6432.982435484523,-12.283776041665988
2018-08-04,7317.142208333333,6459.5737,7335.8716,6432.402011853288,-18.729373697917254
2018-08-05,6989.691673611111,5960.7954,7027.7144,6432.91668916437,-38.02268185763933
2018-08-06,7009.953652777777,5997.462,7046.2954,6432.460310891179,-36.34175737847272
2018-08-07,7008.053965277777,5994.024,7044.553,6432.864993832813,-36.499257378472976
2018-08-08,6525.406826388889,5289.84,6648.5024,6432.506150537964,-123.09561501736061
2018-08-09,6349.0638125000005,5115.04,6493.0063,6432.824346579879,-143.9425351562495
2018-08-10,6460.809381944444,5221.048,6596.574,6432.542193555025,-135.76483680555611
2018-08-11,6152.107069444444,4947.518,6318.988,6432.792386263127,-166.88072352430572
2018-08-12,6312.768770833333,5082.7964,6460.517,6432.570533631138,-147.7483190104167
2018-08-13,6357.161256944445,5122.4033,6500.358,6432.767256352171,-143.19665321180491
2018-08-14,6080.428034722222,4901.1514,6245.554,6432.5928170019415,-165.12616449652796
2018-08-15,6328.625694444445,5096.4805,6474.5264,6432.747497085404,-145.9006727430551
2018-08-16,6354.974645833334,5120.4155,6498.373,6432.610338077483,-143.39840104166615
2018-08-17,6429.814541666667,5188.9263,6567.4985,6432.731960674477,-137.68399348958337
2018-08-18,6468.460854166668,5229.2466,6603.8037,6432.624114632691,-135.34285677083244
2018-08-19,6381.807312499999,5144.814,6522.99,6432.719744630868,-141.18292187500083
2018-08-20,6462.819708333334,5223.2017,6598.473,6432.634946928514,-135.65343619791565
2018-08-21,6384.976625,5147.696,6525.928,6432.7101393415805,-140.95159765624976
2018-08-22,6597.450381944445,5375.6665,6701.9556,6432.643464197964,-104.50518446180467
2018-08-23,6412.62875,5172.84,6551.564,6432.702586848707,-138.93521484375015
2018-08-24,6521.323701388889,5285.7275,6645.505,6432.650161197388,-124.18118142361072
2018-08-25,6704.658354166666,5509.6943,6785.1655,6432.696648438431,-80.50717317708404
2018-08-26,6675.893145833334,5474.2383,6762.681,6432.655426946176,-86.78800651041638
2018-08-27,6702.271243055556,5506.7095,6783.299,6432.6919791567525,-81.02758506944429
2018-08-28,6929.968104166667,5853.006,6973.574,6432.659567324357,-43.60611458333278
2018-08-29,7057.1331875,6079.927,7090.3403,6432.6883077715875,-33.20714453125038
2018-08-30,6948.0003541666665,5885.5503,6989.745,6432.662822840748,-41.74476302083349
2018-08-31,6962.117812500001,5911.0303,7002.537,6432.685421017272,-40.41929687499942
2018-09-01,7078.011291666667,6112.1504,7110.056,6432.665382603771,-32.04486067708331
2018-09-02,7225.18636111111,6331.072,7250.4727,6432.683151206261,-25.286295138889727
2018-09-03,7258.739437499999,6379.0825,7281.5845,6432.667395306502,-22.84503515625056
2018-09-04,7310.859527777779,6451.7324,7330.0303,6432.681366488386,-19.170745659721433
2018-09-05,7201.538770833334,6293.483,7228.5728,6432.6689778640475,-27.03398307291627
2018-09-06,6497.498375,5260.5522,6628.017,6432.679963191866,-130.51871484374988
2018-09-07,6447.679756944444,5206.939,6584.2036,6432.670222204975,-136.5238563368057
2018-09-08,6401.2872986111115,5162.527,6541.049,6432.678859801155,-139.7615295138885
2018-09-09,6265.439069444445,5041.735,6419.4214,6432.67120061132,-153.9823172743054
2018-09-10,6292.7075138888895,5065.486,6442.994,6432.677992221822,-150.28662673611052
2018-09-11,6292.9184444444445,5065.6675,6443.1777,6432.671969917348,-150.2592899305555
2018-09-12,6261.439611111111,5038.001,6415.981,6432.677310057387,-154.54134592013907
2018-09-13,6414.615118055555,5174.646,6553.406,6432.6725748109775,-138.79064366319471
2018-09-14,6491.640611111112,5254.086,6623.779,6432.676773681868,-132.13819748263813
2018-09-15,6519.112673611111,5283.501,6643.882,6432.673050429637,-124.76916232638905
2018-09-16,6487.717041666666,5249.8813,6620.952,6432.676351937956,-133.23510677083414
2018-09-17,6439.993194444444,5199.087,6576.9863,6432.673424401356,-136.99313368055573
2018-09-18,6281.8305,5056.081,6433.525,6432.6760203271315,-151.69440234374997
2018-09-19,6324.183076388889,5092.6465,6470.601,6432.67371844963,-146.41799782986072
2018-09-20,6405.0297222222225,5165.93,6544.518,6432.675759586584,-139.48834418402748
2018-09-21,6610.165104166666,5391.2676,6711.639,6432.6739496553155,-101.47405598958358
2018-09-22,6710.8616180555555,5517.4487,6790.013,6432.675554570258,-79.15156553819452
2018-09-23,6709.1913888888885,5515.361,6788.7085,6432.67413144883,-79.51710720486153
2018-09-24,6651.932666666666,5443.958,6743.957,6432.675393369039,-92.02436458333432
2018-09-25,6449.348569444444,5208.75,6585.7705,6432.674274390305,-136.42193836805563
2018-09-26,6447.474944444444,5206.7275,6584.011,6432.675266618972,-136.5362860243058
2018-09-27,6484.2799513888895,5246.198,6618.4756,6432.674386783014,-134.19563454861054
2018-09-28,6675.1966250000005,5473.358,6762.137,6432.675166957323,-86.9405820312495
2018-09-29,6548.971527777778,5316.9927,6665.804,6432.674475155691,-116.83267144097226
2018-09-30,6578.813722222222,5352.799,6687.8647,6432.675088594884,-109.05102387152783
2018-10-01,6576.560895833333,5350.034,6686.1904,6432.674544641783,-109.62953385416677
2018-10-02,6547.539875,5315.2935,6664.7524,6432.67502697969,-117.2125664062496
2018-10-03,6461.086006944444,5221.3433,6596.835,6432.67459927764,-135.7489539930557
2018-10-04,6529.678111111111,5294.304,6651.6387,6432.6749785326,-121.96056076388868
2018-10-05,6541.964409722223,5308.6763,6660.6587,6432.674642236983,-118.69428168402737
2018-10-06,6559.068111111111,5329.2036,6673.2197,6432.67494043939,-114.15161545138926
2018-10-07,6534.795118055556,5300.167,6655.3955,6432.674676015262,-120.60038975694442
2018-10-08,6574.141930555556,5347.066,6684.394,6432.674910487279,-110.25211241319357
2018-10-09,6592.493208333334,5369.583,6698.184,6432.674702574608,-105.69087369791578
2018-10-10,6526.7771250000005,5291.2188,6649.5093,6432.674886936389,-122.73215234374948
2018-10-11,6270.201375000001,5045.9033,6423.5186,6432.674723457819,-153.31717968749945
2018-10-12,6198.260659722222,4979.8013,6361.6904,6432.674868418683,-163.42976996527796
2018-10-13,6197.872951388889,4979.486,6361.3604,6432.67473987797,-163.4874001736107
2018-10-14,6223.364673611111,5001.2124,6383.2275,6432.6748538584925,-159.86286545138864
2018-10-15,6335.507756944445,5102.7144,6480.7,6432.674752788885,-145.19243836805526
2018-10-16,6430.862465277777,5189.9204,6568.471,6432.674842410036,-137.60872612847288
2018-10-17,6440.291506944444,5199.3916,6577.267,6432.674762940541,-136.97558289930566
2018-10-18,6436.738652777778,5195.762,6573.93,6432.6748334082895,-137.19152300347196
2018-10-19,6385.559444444444,5148.2256,6526.4688,6432.674770922634,-140.90930555555587
2018-10-20,6393.535923611112,5155.4785,6533.8623,6432.6748263303525,-140.32638107638832
2018-10-21,6429.7969930555555,5188.909,6567.483,6432.674777198832,-137.6859171006945
2018-10-22,6408.831034722222,5169.3867,6548.0425,6432.674820765079,-139.21144574652772
2018-10-23,6397.534868055556,5159.115,6537.5703,6432.674782133711,-140.03544444444378
2018-10-24,6421.000583333333,5180.563,6559.326,6432.674816389188,-138.32558854166655
2018-10-25,6403.651569444444,5164.6772,6543.241,6432.674786013931,-139.58964149305575
2018-10-26,6400.774618055555,5162.061,6540.573,6432.674812948491,-139.79862413194496
2018-10-27,6406.2399374999995,5167.03,6545.6396,6432.674789064889,-139.39971093750046
2018-10-28,6404.295708333333,5165.2627,6543.838,6432.674810243125,-139.5421822916669
2018-10-29,6354.006180555556,5119.5347,6497.494,6432.674791463812,-143.48796006944394
2018-10-30,6262.047034722223,5038.588,6416.503,6432.674808115936,-154.45589496527737
2018-10-31,6271.375055555555,5046.93,6424.528,6432.674793350047,-153.15277647569474
2018-11-01,6305.356756944445,5076.4004,6454.013,6432.67480644336,-148.6564266493051
2018-11-02,6349.635222222223,5115.56,6493.5254,6432.674794833166,-143.8901684027769
2018-11-03,6336.6601458333325,5103.7617,6481.747,6432.6748051282375,-145.08692447916746
2018-11-04,6346.558708333333,5112.763,6490.733,6432.674795999319,-144.17420182291698
2018-11-05,6410.2377986111105,5170.6655,6549.346,6432.6748040941775,-139.10839279513948
2018-11-06,6406.007208333334,5166.8184,6545.4243,6432.674796916248,-139.41710807291565
2018-11-07,6490.841868055555,5253.23,6623.2026,6432.674803281112,-132.3607686631949
2018-11-08,6467.570826388889,5228.293,6602.962,6432.674797637215,-135.39108767361085
2018-11-09,6383.727888888889,5146.56,6524.77,6432.674802641811,-141.04213064236137
2018-11-10,6348.843111111111,5114.8394,6492.806,6432.674798204101,-143.96304123263872
2018-11-11,6346.813666666667,5112.994,6490.9644,6432.674802139139,-144.1506888020831
2018-11-12,6351.923479166667,5117.6406,6495.603,6432.674798649834,-143.67954817708323
2018-11-13,6299.174326388888,5071.066,6448.6274,6432.674801743894,-149.4531150173616
2018-11-14,6180.254930555555,4965.7256,6346.4585,6432.674799000307,-166.2035655381951
2018-11-15,5497.084138888889,4508.666,5750.0,6432.67480143312,-252.91586111111064
2018-11-16,5532.7778263888895,4529.276,5777.8027,6432.674799275879,-245.02490798611052
2018-11-17,5483.5491180555555,4500.9053,5739.484,6432.674801188763,-255.93476866319452
2018-11-18,5522.733888888889,4523.3726,5769.9326,6432.674799492557,-247.19872829861106
2018-11-19,5346.933541666666,4413.709,5575.807,6432.674800996629,-228.87358723958369
2018-11-20,4639.077194444444,3967.0532,4596.815,6432.674799662928,42.2622530381941
2018-11-21,4423.4058958333335,3840.4175,4387.665,6432.674800845557,35.74085677083349
2018-11-22,4479.436055555556,3871.8943,4436.1157,6432.674799796889,43.32033289930587
2018-11-23,4279.588361111111,3759.6514,4276.0747,6432.6748007267715,3.513654079861226
2018-11-24,4264.9290972222225,3751.1907,4266.2476,6432.674799902219,-1.318461371527519
2018-11-25,3765.347659722222,3536.034,3891.7905,6432.674800633372,-126.44286762152797
2018-11-26,3896.14625,3576.2644,4054.5554,6432.6747999850395,-158.40916992187522
2018-11-27,3694.3381041666667,3515.822,3765.805,6432.674800559934,-71.46682747395835
2018-11-28,3951.116993055555,3597.3694,4087.9114,6432.674800050159,-136.7943838975698
2018-11-29,4236.8308472222225,3734.9282,4248.7437,6432.67480050219,-11.912805121527526
2018-11-30,4125.514145833334,3672.674,4184.8296,6432.674800101362,-59.315444010416286
2018-12-01,4031.527270833333,3627.046,4131.724,6432.674800456787,-100.1968502604168
2018-12-02,4131.821708333333,3675.8606,4188.3994,6432.674800141623,-56.577705729167064
2018-12-03,3984.6617499999998,3608.8171,4105.9385,6432.674800421088,-121.27672656250024
2018-12-04,3892.998097222222,3575.0383,4050.8682,6432.6748001732785,-157.870066840278
2018-12-05,3839.2551458333332,3557.0708,3990.4045,6432.674800393018,-151.14939518229176
2018-12-06,3720.568506944445,3523.2883,3812.1807,6432.67480019817,-91.61215711805517
2018-12-07,3404.208013888889,3362.1455,3314.2708,6432.674800370947,89.93726193576413
2018-12-08,3393.581625,3349.4324,3297.996,6432.674800217741,95.5855312499998
2018-12-09,3424.436645833333,3386.3464,3345.2551,6432.674800353593,79.18151888020793
2018-12-10,3500.8125208333336,3459.05,3462.2815,6432.674800233129,38.531026692708565
2018-12-11,3374.669673611111,3326.8013,3269.0356,6432.674800339947,105.6340290798612
2018-12-12,3380.648583333333,3333.9595,3278.191,6432.674800245228,102.45766536458314
2018-12-13,3392.8747083333333,3348.5864,3296.9136,6432.674800329218,95.96113411458327
2018-12-14,3253.544013888889,3173.8418,3090.0813,6432.674800254742,163.4627150607639
2018-12-15,3181.1804166666666,3039.847,3002.3235,6432.674800320782,178.8569303385416
2018-12-16,3211.110055555556,3091.235,3038.1665,6432.674800262223,172.94355164930585
2018-12-17,3269.440173611111,3200.9395,3111.1904,6432.674800314148,158.24974392361082
2018-12-18,3501.643715277778,3459.669,3463.556,6432.674800268104,38.08780707465303
2018-12-19,3712.2460763888885,3520.919,3797.388,6432.674800308933,-85.14186306423653
2018-12-20,3862.8804583333335,3564.1487,4016.6162,6432.674800272729,-153.73575260416646
2018-12-21,4008.8224444444445,3617.0625,4118.944,6432.674800304832,-110.1214032118055
2018-12-22,3840.3304861111114,3557.3772,3991.5417,6432.674800276366,-151.21126193576356
2018-12-23,3966.0605555555558,3602.4688,4095.9375,6432.674800301608,-129.87694444444423
2018-12-24,4106.909138888889,3663.2744,4174.3013,6432.674800279226,-67.39213064236083
2018-12-25,3829.4425,3554.278,3980.218,6432.6748002990735,-150.7755175781249
2018-12-26,3775.074180555556,3538.8025,3906.4224,6432.674800281474,-131.3481827256942
2018-12-27,3758.628201388889,3534.1218,3879.843,6432.67480029708,-121.21481618923599
2018-12-28,3639.217451388889,3500.6326,3674.2476,6432.674800283242,-35.030107204861
2018-12-29,3878.2351736111113,3569.44,4033.7046,6432.674800295513,-155.46941623263865
2018-12-30,3798.803361111111,3545.557,3938.723,6432.6748002846325,-139.91953927951408
2018-12-31,3784.2698819444445,3541.4204,3918.9397,6432.67480029428,-134.66981532118052
2019-01-01,3692.7026319444444,3515.357,3763.0254,6432.674800285725,-70.32275868055558
2019-01-02,3792.7995833333334,3543.848,3930.55,6432.674800293311,-137.75046549479157
2019-01-03,3847.331458333333,3559.4177,3999.3262,6432.674800286584,-151.9947135416669
2019-01-04,3782.6392569444447,3540.9558,3916.7192,6432.67480029255,-134.0799813368053
2019-01-05,3828.9194097222226,3554.1292,3979.6748,6432.67480028726,-150.75539496527745
2019-01-06,3829.0764930555556,3554.1733,3979.838,6432.67480029195,-150.7613975694444
2019-01-07,4030.090319444444,3626.3977,4130.914,6432.674800287791,-100.82374305555595
2019-01-08,4007.187361111111,3616.5046,4118.063,6432.674800291479,-110.87562717013907
2019-01-09,4010.194465277778,3617.5505,4119.6934,6432.67480028821,-109.49889409722209
2019-01-10,3874.730604166667,3568.1794,4029.7954,6432.674800291109,-155.06480598958296
2019-01-11,3632.713618055556,3498.9019,3664.2886,6432.674800288538,-31.5749561631942
2019-01-12,3630.2646944444446,3498.25,3660.5388,6432.674800290818,-30.274123914930442
2019-01-13,3605.699597222222,3491.7131,3622.928,6432.674800288796,-17.22838129340289
2019-01-14,3546.329895833333,3475.9155,3532.0576,6432.674800290589,14.272278645833012
2019-01-15,3657.5790972222226,3505.5183,3703.3364,6432.674800288999,-45.75732855902743
2019-01-16,3602.485472222222,3490.8582,3618.0073,6432.674800290409,-15.521851996527857
2019-01-17,3596.1951805555555,3489.1848,3608.3777,6432.674800289159,-12.182504991319547
2019-01-18,3620.511652777778,3495.6553,3645.6055,6432.674800290268,-25.09381597222182
2019-01-19,3652.3350416666667,3504.1233,3694.4263,6432.674800289285,-42.09122786458329
2019-01-20,3641.9923541666667,3501.3708,3678.4968,6432.674800290156,-36.5044720052083
2019-01-21,3535.4331041666665,3473.0154,3515.351,6432.674800289383,20.082029947916453
2019-01-22,3541.781076388889,3474.7048,3525.0837,6432.674800290068,16.697336154513778
2019-01-23,3576.4381597222223,3483.9272,3578.1357,6432.67480028946,-1.6975824652777192
2019-01-24,3548.7626458333334,3476.5627,3535.7803,6432.6748002899985,12.982372395833409
2019-01-25,3560.8539652777777,3479.7803,3554.284,6432.674800289521,6.570029730902661
2019-01-26,3570.6899999999996,3482.3975,3569.3381,6432.674800289945,1.3518652343745998
2019-01-27,3548.5262083333337,3476.4998,3535.4187,6432.674800289569,13.10750716145867
2019-01-28,3463.4856874999996,3431.2546,3405.0796,6432.674800289902,58.406097656249585
2019-01-29,3402.7423958333334,3360.3923,3312.026,6432.6748002896065,90.71651692708338
2019-01-30,3415.952840277778,3376.1968,3332.2598,6432.6748002898685,83.6930746527778
2019-01-31,3429.2046319444444,3392.0505,3352.5583,6432.674800289637,76.64628233506937
2019-02-01,3410.3306180555555,3369.4705,3323.6482,6432.674800289842,86.68242469618053
2019-02-02,3433.4329930555555,3397.1094,3359.0361,6432.674800289659,74.39686024305547
2019-02-03,3432.274,3395.7227,3357.2605,6432.674800289821,75.01350195312489
2019-02-04,3411.9310347222226,3371.385,3326.0994,6432.6748002896775,85.83166948784765
2019-02-05,3417.433465277778,3377.9675,3334.527,6432.674800289805,82.90636566840294
2019-02-06,3384.0273541666666,3338.0017,3283.3647,6432.674800289692,100.66260807291656
2019-02-07,3367.634722222222,3318.3413,3258.2637,6432.674800289792,109.37105034722208
2019-02-08,3398.367180555556,3355.1577,3305.3252,6432.674800289703,93.04198524305593
2019-02-09,3614.533701388889,3494.0642,3636.453,6432.674800289782,-21.919179470486142
2019-02-10,3608.8830763888886,3492.5608,3627.802,6432.674800289712,-18.91892556423636
2019-02-11,3598.7575972222226,3489.8662,3612.3008,6432.674800289774,-13.543184027777443
2019-02-12,3578.2535138888884,3484.4102,3580.9146,6432.674800289719,-2.661036892361608
2019-02-13,3586.5410555555554,3486.6155,3593.5999,6432.674800289768,-7.058797960069569
2019-02-14,3570.600847222222,3482.374,3569.2012,6432.674800289726,1.3996753472220007
2019-02-15,3570.5843819444444,3482.3694,3569.1763,6432.674800289764,1.4081124131944307
2019-02-16,3582.020513888889,3485.4124,3586.6807,6432.67480028973,-4.660150173610873
2019-02-17,3586.2293055555556,3486.5325,3593.123,6432.67480028976,-6.893741319444416
2019-02-18,3698.3357708333333,3516.96,3772.665,6432.674800289734,-74.3292682291667
2019-02-19,3889.155166666667,3573.5405,4046.4,6432.6748002897575,-157.2447356770831
2019-02-20,3909.713388888889,3581.55,4065.7334,6432.674800289737,-156.02000954861114
2019-02-21,3913.8102430555555,3583.146,4067.9275,6432.674800289755,-154.11724717881953
2019-02-22,3915.1118333333334,3583.653,4068.6243,6432.674800289738,-153.51243424479162
2019-02-23,3943.845923611111,3594.8477,4084.0164,6432.674800289753,-140.17043381076383
2019-02-24,4061.053881944444,3640.3843,4148.379,6432.67480028974,-87.32502430555587
2019-02-25,3781.059611111111,3540.5063,3914.5696,6432.674800289752,-133.50996896701417
2019-02-26,3806.408256944444,3547.7212,3949.0762,6432.674800289742,-142.66791493055598
2019-02-27,3801.6168402777776,3546.3577,3942.5532,6432.674800289751,-140.93638237847244
2019-02-28,3803.6996666666664,3546.9504,3945.3884,6432.674800289743,-141.68876106770858
2019-03-01,3808.013916666667,3548.1787,3951.2622,6432.67480028975,-143.24829036458323
2019-03-02,3809.105465277778,3548.4893,3952.7483,6432.674800289744,-143.64282573784703
2019-03-03,3805.251236111111,3547.3926,3947.5012,6432.674800289749,-142.2499845920138
2019-03-04,3743.0993055555555,3529.7017,3852.2336,6432.674800289745,-109.13433702256953
2019-03-05,3737.4103055555556,3528.082,3842.1196,6432.674800289749,-104.70932335069438
2019-03-06,3837.0419930555554,3556.4407,3988.107,6432.674800289746,-151.0649405381946
2019-03-07,3857.6109652777777,3562.5452,4010.7566,6432.674800289749,-153.14562651909728
2019-03-08,3871.767972222222,3567.1428,4026.5,6432.674800289747,-154.73202777777806
2019-03-09,3882.583354166667,3571.0042,4038.76,6432.674800289749,-156.17665559895795
2019-03-10,3893.532527777778,3575.246,4051.4932,6432.674800289747,-157.9606362847221
2019-03-11,3872.5333055555557,3567.4036,4027.3516,6432.674800289748,-154.81825694444433
2019-03-12,3845.1747430555556,3558.7612,3996.9282,6432.674800289747,-151.7534796006944
2019-03-13,3855.7236805555553,3561.9707,4008.6577,6432.674800289748,-152.93403428819465
2019-03-14,3849.6527638888892,3560.1238,4001.9072,6432.674800289747,-152.25446267361076
2019-03-15,3870.2615555555553,3566.6304,4024.8247,6432.6748002897475,-154.56315147569467
2019-03-16,3964.2366944444443,3601.8467,4094.957,6432.674800289747,-130.7203368055557
2019-03-17,3964.7746944444443,3602.03,4095.246,6432.6748002897475,-130.47139930555568
2019-03-18,3969.3498263888887,3603.5918,4097.706,6432.674800289747,-128.3562282986113
2019-03-19,3973.801326388889,3605.1106,4100.099,6432.6748002897475,-126.29779470486119
2019-03-20,3990.899923611111,3610.946,4109.2935,6432.674800289747,-118.39353342013919
2019-03-21,4012.9646527777777,3618.669,4121.2554,6432.6748002897475,-108.2907183159723
2019-03-22,3980.530444444444,3607.4072,4103.718,6432.674800289747,-123.18732899305587
2019-03-23,3982.0463125,3607.9248,4104.5327,6432.6748002897475,-122.48640234374989
2019-03-24,3970.5364027777778,3603.996,4098.3438,6432.6748002897475,-127.80734722222223
2019-03-25,3961.5727569444443,3600.9373,4093.5247,6432.6748002897475,-131.95190125868066
2019-03-26,3905.1701388888887,3579.7803,4063.3003,6432.6748002897475,-158.1301540798613
2019-03-27,3977.472041666667,3606.3638,4102.073,6432.6748002897475,-124.60120052083312
2019-03-28,4009.5372777777775,3617.3064,4119.3286,6432.6748002897475,-109.79133550347251
2019-03-29,4045.7772291666665,3633.4763,4139.7617,6432.6748002897475,-93.98448958333347
2019-03-30,4083.419590277778,3651.4067,4161.0107,6432.6748002897475,-77.59115190972216
2019-03-31,4086.8573958333336,3653.1436,4162.9556,6432.6748002897475,-76.09817057291639
2019-04-01,4118.616201388889,3669.1887,4180.926,6432.6748002897475,-62.30957986111116
2019-04-02,4531.583513888889,3901.4512,4481.843,6432.6748002897475,49.740740451388774
2019-04-03,4981.250777777778,4200.5166,5024.459,6432.6748002897475,-43.20820659722176
2019-04-04,5018.822479166667,4225.8735,5076.935,6432.6748002897475,-58.11257942708289
2019-04-05,4958.800208333333,4186.087,4993.11,6432.6748002897475,-34.3096549479169
2019-04-06,5037.038909722222,4238.324,5102.384,6432.6748002897475,-65.34487934027766
2019-04-07,5109.366493055555,4271.5747,5205.361,6432.6748002897475,-95.99434678819489
2019-04-08,5225.822979166666,4335.8525,5383.5786,6432.6748002897475,-157.7556341145837
2019-04-09,5230.257076388889,4338.4854,5390.426,6432.6748002897475,-160.1687048611111
2019-04-10,5254.052458333334,4352.613,5427.889,6432.6748002897475,-173.83670182291644
2019-04-11,5173.483506944444,4304.497,5303.038,6432.6748002897475,-129.55457899305566
2019-04-12,5044.935854166667,4243.722,5113.4165,6432.6748002897475,-68.48064973958299
2019-04-13,5083.213861111111,4259.867,5167.537,6432.6748002897475,-84.32324826388867
2019-04-14,5069.549729166667,4254.471,5147.9106,6432.6748002897475,-78.36091536458298
2019-04-15,5138.698618055555,4285.184,5249.53,6432.6748002897475,-110.83116710069498
2019-04-16,5070.498354166667,4254.8457,5149.263,6432.6748002897475,-78.76482942708299
2019-04-17,5213.702659722222,4328.6235,5364.925,6432.6748002897475,-151.22214496527795
2019-04-18,5252.884840277778,4351.9194,5426.0503,6432.6748002897475,-173.16545269097242
2019-04-19,5261.035145833333,4356.7583,5438.8843,6432.6748002897475,-177.84913151041656
2019-04-20,5309.325909722222,4385.4287,5515.044,6432.6748002897475,-205.7180355902783
2019-04-21,5293.4035625,4375.9756,5489.86,6432.6748002897475,-196.45630078125032
2019-04-22,5299.590354166667,4379.649,5499.605,6432.6748002897475,-200.01462630208334
2019-04-23,5502.141847222222,4511.566,5753.9307,6432.6748002897475,-251.78881684027783
2019-04-24,5508.100993055556,4514.9824,5758.561,6432.6748002897475,-250.4600421006944
2019-04-25,5445.8578263888885,4479.13,5710.2056,6432.6748002897475,-264.3477400173615
2019-04-26,5178.398680555555,4307.4453,5310.601,6432.6748002897475,-132.20239366319493
2019-04-27,5153.670270833333,4292.883,5272.558,6432.6748002897475,-118.88783463541677
2019-04-28,5179.639027777778,4308.189,5312.5083,6432.6748002897475,-132.8692730034718
2019-04-29,5155.519354166667,4293.966,5275.403,6432.6748002897475,-119.88347786458326
2019-04-30,5179.250972222222,4307.9565,5311.912,6432.6748002897475,-132.66113715277788
2019-05-01,5295.815284722222,4377.4077,5493.659,6432.6748002897475,-197.8438949652782
2019-05-02,5345.004930555555,4412.251,5572.7383,6432.6748002897475,-227.7333506944451
2019-05-03,5571.137034722222,4552.4995,5808.5894,6432.6748002897475,-237.45232074652813
2019-05-04,5681.627541666667,4624.0522,5898.369,6432.6748002897475,-216.74159895833327
2019-05-05,5724.428791666666,4658.054,5933.1704,6432.6748002897475,-208.74161848958374
2019-05-06,5662.795041666667,4611.2515,5883.062,6432.6748002897475,-220.2669700520828
2019-05-07,5835.9259375,4746.627,6024.1313,6432.6748002897475,-188.20541015624985
2019-05-08,5836.063215277777,4746.7344,6024.247,6432.6748002897475,-188.1838550347229
2019-05-09,6012.886895833334,4859.9854,6178.0273,6432.6748002897475,-165.14044791666583
2019-05-10,6252.581819444445,5029.4424,6408.3604,6432.6748002897475,-155.7785321180554
2019-05-11,6677.4376875,5476.1904,6763.8887,6432.6748002897475,-86.45098437500019
2019-05-12,7168.869131944445,6243.637,7198.0527,6432.6748002897475,-29.183602430554856
2019-05-13,7258.503527777778,6378.735,7281.3647,6432.6748002897475,-22.86121831597211
2019-05-14,8008.861923611111,7123.164,7963.7227,6432.6748002897475,45.1392673611108
2019-05-15,7998.045291666667,7116.2935,7953.9785,6432.6748002897475,44.066776041667254
2019-05-16,8047.952972222221,7148.3247,7998.9443,6432.6748002897475,49.00863628472143
2019-05-17,7370.117902777777,6525.537,7385.425,6432.6748002897475,-15.30690190972291
2019-05-18,7314.928638888889,6456.811,7333.8135,6432.6748002897475,-18.8848376736114
2019-05-19,7799.2456111111105,6962.544,7775.21,6432.6748002897475,24.03565017361052
2019-05-20,7925.785298611111,7065.4097,7888.9062,6432.6748002897475,36.8790486111111
2019-05-21,7947.983340277778,7082.954,7908.8926,6432.6748002897475,39.09076215277764
2019-05-22,7935.673541666667,7073.1997,7897.8086,6432.6748002897475,37.864947916667006
2019-05-23,7680.461583333333,6867.7314,7669.04,6432.6748002897475,11.421544270832783
2019-05-24,7954.334472222223,7088.0117,7914.611,6432.6748002897475,39.72363237847276
2019-05-25,8045.445451388889,7146.6484,7996.6846,6432.6748002897475,48.760881076388614
2019-05-26,8023.795701388889,7132.72,7977.177,6432.6748002897475,46.61894357638903
2019-05-27,8762.509618055556,7653.859,8658.471,6432.6748002897475,104.03891493055562
2019-05-28,8740.863430555555,7634.018,8638.143,6432.6748002897475,102.72085243055517
2019-05-29,8651.439597222223,7559.808,8554.958,6432.6748002897475,96.4815894097228
2019-05-30,8688.854493055556,7589.6187,8589.756,6432.6748002897475,99.0986336805563
2019-05-31,8319.922944444445,7324.377,8247.914,6432.6748002897475,72.00888194444451
2019-06-01,8532.614104166667,7468.2437,8444.514,6432.6748002897475,88.10043229166695
2019-06-02,8644.146576388888,7553.9976,8548.176,6432.6748002897475,95.9707951388882
2019-06-03,8576.04936111111,7500.3057,8484.873,6432.6748002897475,91.17631423611056
2019-06-04,7987.405347222221,7109.591,7944.3936,6432.6748002897475,43.01179253472128
2019-06-05,7749.071645833334,6925.034,7730.352,6432.6748002897475,18.719595052083605
2019-06-06,7757.3594375,6932.042,7737.7607,6432.6748002897475,19.59869531250024
2019-06-07,7894.827541666667,7040.5107,7861.0396,6432.6748002897475,33.78799088541655
2019-06-08,7954.597097222222,7088.221,7914.8477,6432.6748002897475,39.749440972222146
2019-06-09,7841.854319444445,6996.459,7813.3706,6432.6748002897475,28.483713975694627
2019-06-10,7768.765722222222,6940.1562,7747.957,6432.6748002897475,20.808690972222394
2019-06-11,7903.280597222222,7047.712,7868.6475,6432.6748002897475,34.63313628472224
2019-06-12,8000.775611111112,7118.014,7956.438,6432.6748002897475,44.337622829862084
2019-06-13,8148.202986111111,7213.556,8089.541,6432.6748002897475,58.661970486111386
2019-06-14,8299.857805555555,7311.4507,8229.393,6432.6748002897475,70.46522743055539
2019-06-15,8689.467888888888,7590.1064,8590.326,6432.6748002897475,99.14171701388841
2019-06-16,9068.183201388889,7968.0693,8949.999,6432.6748002897475,118.18417795138885
2019-06-17,9182.7328125,8072.8184,9059.967,6432.6748002897475,122.76601562500036
2019-06-18,9196.502618055556,8086.3423,9073.191,6432.6748002897475,123.31121180555601
2019-06-19,9120.772909722222,8014.5776,9000.472,6432.6748002897475,120.30123003472181
2019-06-20,9298.015527777778,8190.988,9170.738,6432.6748002897475,127.2772465277776
2019-06-21,9739.132409722222,8606.593,9596.399,6432.6748002897475,142.7329956597223
2019-06-22,10615.372409722222,9718.181,10446.765,6432.6748002897475,168.60776128472207
2019-06-23,10688.469125,9813.523,10517.978,6432.6748002897475,170.49158593749962
2019-06-24,10844.455215277778,10021.077,10670.078,6432.6748002897475,174.37709027777782
2019-06-25,11217.643506944445,10543.386,11034.709,6432.6748002897475,182.9345225694451
2019-06-26,12453.126916666668,12124.095,12225.787,6432.6748002897475,227.33980729166797
2019-06-27,12109.790152777778,11710.385,11910.581,6432.6748002897475,199.20909809027762
2019-06-28,11438.088333333333,10820.668,11250.584,6432.6748002897475,187.50434895833314
2019-06-29,11897.136159722222,11434.398,11701.272,6432.6748002897475,195.86369878472215
2019-06-30,11683.155631944444,11145.465,11490.995,6432.6748002897475,192.1605147569444
2019-07-01,10797.902284722222,9959.673,10624.667,6432.6748002897475,173.23529253472225
2019-07-02,10257.34670138889,9291.244,10098.536,6432.6748002897475,158.81056857638941
2019-07-03,11211.101513888889,10535.437,11028.309,6432.6748002897475,182.7929201388888
2019-07-04,11764.220236111112,11254.186,11570.617,6432.6748002897475,193.60304861111217
2019-07-05,11231.354270833333,10560.085,11048.125,6432.6748002897475,183.22927083333343
2019-07-06,11371.483576388888,10736.246,11185.322,6432.6748002897475,186.16131076388774
2019-07-07,11276.559625,10616.316,11092.368,6432.6748002897475,184.19146093749987
2019-07-08,11662.598555555556,11118.013,11470.812,6432.6748002897475,191.78703211805623
2019-07-09,12472.6379375,12147.677,12242.851,6432.6748002897475,229.78735156249968
2019-07-10,12747.547194444445,12486.028,12483.542,6432.6748002897475,264.00520225694527
2019-07-11,11693.182965277778,11158.857,11500.841,6432.6748002897475,192.34214496527784
2019-07-12,11500.226763888888,10901.358,11311.499,6432.6748002897475,188.72774045138794
2019-07-13,11541.868736111112,10956.671,11352.339,6432.6748002897475,189.5298689236115
2019-07-14,10962.473243055556,10178.715,10785.277,6432.6748002897475,177.19589930555594
2019-07-15,10361.254472222221,9408.18,10199.503,6432.6748002897475,161.751542534721
2019-07-16,10573.624020833333,9662.158,10406.108,6432.6748002897475,167.5156223958329
2019-07-17,9544.538659722222,8415.497,9408.417,6432.6748002897475,136.1216675347223
2019-07-18,9910.616284722222,8822.599,9762.293,6432.6748002897475,148.3233159722222
2019-07-19,10490.316680555556,9555.342,10325.022,6432.6748002897475,165.29421961805565
2019-07-20,10609.635833333334,9710.405,10441.176,6432.6748002897475,168.46005208333372
2019-07-21,10643.242270833332,9756.084,10473.911,6432.6748002897475,169.33113802083244
2019-07-22,10493.863583333334,9559.602,10328.474,6432.6748002897475,165.38995052083374
2019-07-23,10109.955881944445,9101.3545,9955.46,6432.6748002897475,154.49592100694463
2019-07-24,9760.266138888888,8630.627,9616.833,6432.6748002897475,143.43313107638824
2019-07-25,9997.850076388888,8943.959,9846.769,6432.6748002897475,151.08152170138783
2019-07-26,9786.07929861111,8663.143,9641.795,6432.6748002897475,144.28437673611006
2019-07-27,9793.022736111112,8672.604,9648.511,6432.6748002897475,144.51199392361195
2019-07-28,9486.124819444445,8365.393,9352.044,6432.6748002897475,134.08087413194517
2019-07-29,9533.275784722222,8405.499,9397.546,6432.6748002897475,135.72988628472194
2019-07-30,9528.503,8401.262,9392.939,6432.6748002897475,135.5635468750006
2019-07-31,9782.103965277778,8657.725,9637.95,6432.6748002897475,144.15376996527812
2019-08-01,10024.2606875,8981.236,9872.355,6432.6748002897475,151.90521875000013
2019-08-02,10465.40892361111,9526.129,10300.788,6432.6748002897475,164.62083767361037
2019-08-03,10723.26295138889,9859.163,10551.889,6432.6748002897475,171.37427951388963
2019-08-04,10798.872576388889,9961.013,10625.613,6432.6748002897475,173.25929513888877
2019-08-05,11545.297555555557,10961.244,11355.701,6432.6748002897475,189.59638368055676
2019-08-06,11806.456,11311.647,11612.12,6432.6748002897475,194.33588281250013
2019-08-07,11636.076486111111,11082.593,11444.775,6432.6748002897475,191.30109548611108
2019-08-08,11835.618958333334,11351.592,11640.785,6432.6748002897475,194.83380208333438
2019-08-09,11797.774951388888,11299.78,11603.588,6432.6748002897475,194.18706076388844
2019-08-10,11676.169777777777,11136.135,11484.135,6432.6748002897475,192.0350121527772
2019-08-11,11351.456965277777,10710.838,11165.706,6432.6748002897475,185.75091059027727
2019-08-12,11406.995486111111,10781.27,11220.114,6432.6748002897475,186.88122829861095
2019-08-13,11227.474208333333,10555.33,11044.327,6432.6748002897475,183.14705989583308
2019-08-14,10559.684659722223,9643.726,10392.537,6432.6748002897475,167.14755034722293
2019-08-15,9983.580048611111,8923.62,9832.946,6432.6748002897475,150.63375954861112
2019-08-16,10217.837652777778,9248.8955,10060.168,6432.6748002897475,157.6696840277782
2019-08-17,10339.668930555556,9384.332,10178.5205,6432.6748002897475,161.14842274305556
2019-08-18,10258.172145833334,9292.141,10099.339,6432.6748002897475,158.83327864583407
2019-08-19,10550.360305555556,9631.394,10383.459,6432.6748002897475,166.9013211805559
2019-08-20,10751.529243055555,9896.763,10579.446,6432.6748002897475,172.08295399305462
2019-08-21,10301.441479166668,9340.033,10141.372,6432.6748002897475,160.0694088541677
2019-08-22,10035.169583333332,8996.358,9882.925,6432.6748002897475,152.2447786458324
2019-08-23,10220.315715277779,9251.541,10062.574,6432.6748002897475,157.7414965277785
2019-08-24,10205.378854166667,9235.409,10048.071,6432.6748002897475,157.30756510416722
2019-08-25,10107.555527777778,9097.91,9953.13,6432.6748002897475,154.42564496527848
2019-08-26,10301.600736111111,9340.212,10141.528,6432.6748002897475,160.07241579861147
2019-08-27,10196.186909722222,9225.161,10039.147,6432.6748002897475,157.03944878472248
2019-08-28,10115.575409722222,9109.416,9960.912,6432.6748002897475,154.6633003472216
2019-08-29,9552.130479166666,8422.235,9415.747,6432.6748002897475,136.3834088541662
2019-08-30,9514.708902777778,8389.368,9379.627,6432.6748002897475,135.08194965277835
2019-08-31,9594.073743055555,8459.784,9456.243,6432.6748002897475,137.8305789930546
2019-09-01,9600.513243055555,8465.581,9462.461,6432.6748002897475,138.052305555555
2019-09-02,9832.88545138889,8723.342,9687.07,6432.6748002897475,145.81513888888912
2019-09-03,10470.423104166666,9531.936,10305.666,6432.6748002897475,164.75708854166623
2019-09-04,10568.3426875,9655.175,10400.966,6432.6748002897475,167.37686718750047
2019-09-05,10574.405493055556,9663.191,10406.869,6432.6748002897475,167.53635243055578
2019-09-06,10692.399402777779,9818.632,10521.808,6432.6748002897475,170.59178559027896
2019-09-07,10392.634062500001,9442.927,10230.009,6432.6748002897475,162.62527343750116
2019-09-08,10476.60861111111,9539.098,10311.685,6432.6748002897475,164.9240407986108
2019-09-09,10313.290368055556,9353.391,10152.886,6432.6748002897475,160.40462586805552
2019-09-10,10258.767430555556,9292.788,10099.917,6432.6748002897475,158.85043836805562
2019-09-11,10051.209020833334,9018.713,9898.477,6432.6748002897475,152.73245833333385
2019-09-12,10172.317993055556,9194.244,10015.977,6432.6748002897475,156.34143055555614
2019-09-13,10331.138194444444,9374.527,10170.2295,6432.6748002897475,160.9087022569438
2019-09-14,10320.088916666666,9361.372,10159.492,6432.6748002897475,160.59672916666568
2019-09-15,10327.413499999999,9370.056,10166.61,6432.6748002897475,160.80314843749875
2019-09-16,10256.902291666667,9290.763,10098.105,6432.6748002897475,158.79682291666722
2019-09-17,10219.662631944444,9250.845,10061.941,6432.6748002897475,157.721225694444
2019-09-18,10201.275319444445,9230.835,10044.087,6432.6748002897475,157.1884053819449
2019-09-19,9973.711166666666,8909.624,9823.389,6432.6748002897475,150.32249479166603
2019-09-20,10193.030875,9221.644,10036.083,6432.6748002897475,156.94786718750038
2019-09-21,10063.688624999999,9036.157,9910.58,6432.6748002897475,153.10854687499886
2019-09-22,9968.533951388888,8902.451,9818.374,6432.6748002897475,150.15992795138845
2019-09-23,9925.380611111112,8842.901,9776.587,6432.6748002897475,148.79369704861165
2019-09-24,9610.367666666667,8474.449,9471.978,6432.6748002897475,138.390127604167
2019-09-25,8467.83236111111,7423.4966,8384.541,6432.6748002897475,83.29134548611
2019-09-26,8315.795437499999,7321.714,8244.1045,6432.6748002897475,71.69094531249903
2019-09-27,8025.896381944443,7134.065,7979.069,6432.6748002897475,46.82753428819342
2019-09-28,8154.782958333334,7217.992,8095.561,6432.6748002897475,59.221923177084136
2019-09-29,8091.439131944444,7177.1484,8038.138,6432.6748002897475,53.30094835069394
2019-09-30,8036.626458333333,7140.93,7988.7373,6432.6748002897475,47.889153645833176
2019-10-01,8345.38251388889,7340.803,8271.421,6432.6748002897475,73.96161545138966
2019-10-02,8264.09642361111,7289.832,8196.388,6432.6748002897475,67.70872829861037
2019-10-03,8258.524222222222,7286.4785,8191.247,6432.6748002897475,67.2771519097223
2019-10-04,8146.953694444444,7212.714,8088.4014,6432.6748002897475,58.55232725694441
2019-10-05,8114.287722222222,7191.166,8058.7373,6432.6748002897475,55.55041753472233
2019-10-06,8020.461916666667,7130.587,7974.1733,6432.6748002897475,46.28857682291709
2019-10-07,7982.512,7106.5083,7939.9873,6432.6748002897475,42.524695312499716
2019-10-08,8217.584527777779,7260.749,8153.477,6432.6748002897475,64.10747699652893
2019-10-09,8266.796618055556,7291.4644,8198.88,6432.6748002897475,67.91673524305588
2019-10-10,8562.622805555555,7489.8394,8472.3955,6432.6748002897475,90.2272977430548
2019-10-11,8439.493784722223,7403.924,8358.352,6432.6748002897475,81.1422222222227
2019-10-12,8331.506958333333,7331.8506,8258.609,6432.6748002897475,72.89758333333339
2019-10-13,8367.624763888889,7355.2007,8291.96,6432.6748002897475,75.66480295138899
2019-10-14,8296.60363888889,7309.4834,8226.39,6432.6748002897475,70.21399045138969
2019-10-15,8293.314680555555,7307.4956,8223.354,6432.6748002897475,69.96116493055524
2019-10-16,8091.154861111111,7176.98,8037.883,6432.6748002897475,53.27204861111113
2019-10-17,8019.449180555555,7129.9385,7973.2607,6432.6748002897475,46.18843836805536
2019-10-18,7979.870243055556,7104.844,7937.6084,6432.6748002897475,42.261844618055875
2019-10-19,7959.770381944444,7092.3403,7919.5063,6432.6748002897475,40.264034288194125
2019-10-20,7971.4180625,7099.669,7929.996,6432.6748002897475,41.421968749999905
2019-10-21,8224.04338888889,7265.1035,8159.434,6432.6748002897475,64.60930685763924
2019-10-22,8218.723944444444,7261.5176,8154.5273,6432.6748002897475,64.19660069444399
2019-10-23,7850.566104166666,7003.6533,7821.2075,6432.6748002897475,29.358584635416264
2019-10-24,7448.0597777777775,6618.6914,7458.5195,6432.6748002897475,-10.459753472222474
2019-10-25,7684.2853819444435,6870.8457,7672.456,6432.6748002897475,11.829327256943543
2019-10-26,9228.334131944444,8117.6064,9103.771,6432.6748002897475,124.56264756944438
2019-10-27,9333.09342361111,8228.532,9204.48,6432.6748002897475,128.61295486110976
2019-10-28,9508.52154861111,8384.178,9373.656,6432.6748002897475,134.86529861111012
2019-10-29,9382.661097222222,8278.1045,9252.258,6432.6748002897475,130.40328472222245
2019-10-30,9235.048388888888,8124.2007,9110.222,6432.6748002897475,124.82670920138844
2019-10-31,9176.034840277778,8066.2397,9053.533,6432.6748002897475,122.50163715277813
2019-11-01,9141.947791666667,8033.873,9020.8,6432.6748002897475,121.1479869791674
2019-11-02,9267.658805555555,8157.766,9141.561,6432.6748002897475,126.09825868055486
2019-11-03,9245.065486111112,8134.1943,9119.848,6432.6748002897475,125.21782986111248
2019-11-04,9207.217493055556,8096.8667,9083.484,6432.6748002897475,123.73311805555568
2019-11-05,9354.14625,8249.917,9224.7705,6432.6748002897475,129.37574218749978
2019-11-06,9340.779597222221,8236.015,9211.888,6432.6748002897475,128.89190190972113
2019-11-07,9262.939256944444,8152.7617,9137.024,6432.6748002897475,125.91484288194442
2019-11-08,9061.284847222221,7962.6074,8943.379,6432.6748002897475,117.90594097222129
2019-11-09,8817.987534722222,7705.668,8710.757,6432.6748002897475,107.23069878472234
2019-11-10,8836.918409722222,7723.6416,8728.636,6432.6748002897475,108.28266753472235
2019-11-11,8864.476819444444,7751.629,8754.772,6432.6748002897475,109.70435850694412
2019-11-12,8724.743243055555,7619.646,8623.144,6432.6748002897475,101.59968836805456
2019-11-13,8750.54645138889,7642.8945,8647.2295,6432.6748002897475,103.31695920138918
2019-11-14,8677.389479166666,7580.484,8579.091,6432.6748002897475,98.2986588541662
2019-11-15,8575.710125,7500.0415,8484.558,6432.6748002897475,91.1525078124996
2019-11-16,8469.173097222221,7424.4233,8385.78,6432.6748002897475,83.39282378472126
2019-11-17,8498.527895833333,7444.6997,8412.915,6432.6748002897475,85.61285677083288
2019-11-18,8451.096194444444,7411.9375,8369.074,6432.6748002897475,82.02197569444434
2019-11-19,8133.605298611112,7203.7197,8076.229,6432.6748002897475,57.37629470486172
2019-11-20,8102.48620138889,7183.669,8048.0977,6432.6748002897475,54.38854513888964
2019-11-21,7947.015229166666,7082.183,7908.021,6432.6748002897475,38.99423307291636
2019-11-22,7405.101430555556,6567.6636,7418.162,6432.6748002897475,-13.060678819443638
2019-11-23,7242.87425,6356.6807,7266.856,6432.6748002897475,-23.981707031250153
2019-11-24,7200.508527777777,6291.8433,7227.6196,6432.6748002897475,-27.11110112847291
2019-11-25,6929.390965277778,5851.964,6973.0635,6432.6748002897475,-43.67251128472162
2019-11-26,7155.657805555556,6223.893,7185.1865,6432.6748002897475,-29.52871788194443
2019-11-27,7160.145868055556,6230.6016,7189.556,6432.6748002897475,-29.410284288193907
2019-11-28,7523.715944444445,6705.0537,7529.1724,6432.6748002897475,-5.4564188368049145
2019-11-29,7572.328152777777,6757.7163,7572.478,6432.6748002897475,-0.1498745659728229
2019-11-30,7696.9676875000005,6881.174,7683.7876,6432.6748002897475,13.180089843750466
2019-12-01,7387.3798611111115,6547.1343,7401.576,6432.6748002897475,-14.196310763888505
2019-12-02,7320.453562500001,6463.706,7338.9653,6432.6748002897475,-18.51176953124923
2019-12-03,7316.583368055556,6458.876,7335.353,6432.6748002897475,-18.769659288193907
2019-12-04,7277.822222222222,6406.5054,7299.3193,6432.6748002897475,-21.49711371527792
2019-12-05,7311.257159722222,6452.229,7330.4,6432.6748002897475,-19.14274262152776
2019-12-06,7386.27425,6545.8774,7400.542,6432.6748002897475,-14.267742187499607
2019-12-07,7524.019125,6705.3936,7529.4414,6432.6748002897475,-5.4222812500001965
2019-12-08,7491.454013888889,6669.4873,7499.5127,6432.6748002897475,-8.058681423611233
2019-12-09,7498.855875,6677.543,7506.5283,6432.6748002897475,-7.6724453124998035
2019-12-10,7327.0794166666665,6471.975,7345.162,6432.6748002897475,-18.082692708333525
2019-12-11,7217.995284722223,6319.6953,7243.8125,6432.6748002897475,-25.817215277776995
2019-12-12,7168.181409722222,6242.611,7197.383,6432.6748002897475,-29.20140277777773
2019-12-13,7218.062527777777,6319.802,7243.8755,6432.6748002897475,-25.812960503472823
2019-12-14,7198.6154027777775,6288.8276,7225.8647,6432.6748002897475,-27.24934331597251
2019-12-15,7082.1414652777785,6117.913,7113.9575,6432.6748002897475,-31.81605425347152
2019-12-16,7080.6937777777775,6115.893,7112.59,6432.6748002897475,-31.89606597222246
2019-12-17,6845.316138888889,5708.952,6899.5938,6432.6748002897475,-54.27761111111067
2019-12-18,6665.369395833333,5460.9395,6754.457,6432.6748002897475,-89.08763541666667
2019-12-19,7141.709340277777,6203.048,7171.604,6432.6748002897475,-29.8946636284727
2019-12-20,7142.031333333332,6203.5293,7171.918,6432.6748002897475,-29.88663541666756
2019-12-21,7157.989347222222,6227.3784,7187.4565,6432.6748002897475,-29.467195746527977
2019-12-22,7169.017986111111,6243.8604,7198.1973,6432.6748002897475,-29.179279513889014
2019-12-23,7517.167229166667,6697.7075,7523.3477,6432.6748002897475,-6.180427083332688
2019-12-24,7321.348048611111,6464.822,7339.802,6432.6748002897475,-18.453709201388847
2019-12-25,7215.373402777777,6315.519,7241.3853,6432.6748002897475,-26.0118511284727
2019-12-26,7213.601284722222,6312.6973,7239.7437,6432.6748002897475,-26.142367621528138
2019-12-27,7196.104888888888,6284.828,7223.537,6432.6748002897475,-27.432220486111873
2019-12-28,7278.235069444445,6407.065,7299.703,6432.6748002897475,-21.46805555555511
2019-12-29,7325.749548611111,6470.3154,7343.9185,6432.6748002897475,-18.168908420138905
2019-12-30,7333.031881944445,6479.403,7350.73,6432.6748002897475,-17.69809852430535
2019-12-31,7216.054638888889,6316.604,7242.015,6432.6748002897475,-25.960497829861197
2020-01-01,7186.464500000001,6270.0684,7214.604,6432.6748002897475,-28.139503906249047
2020-01-02,7124.040659722223,6176.643,7154.4077,6432.6748002897475,-30.3670551215273
2020-01-03,7143.447729166667,6205.6455,7173.297,6432.6748002897475,-29.84914583333284
2020-01-04,7316.615736111111,6458.916,7335.383,6432.6748002897475,-18.76707638888911
2020-01-05,7417.132611111112,6581.7344,7429.436,6432.6748002897475,-12.303424045137945
2020-01-06,7486.671472222222,6664.1196,7494.9814,6432.6748002897475,-8.309973090277708
2020-01-07,7831.143847222223,6987.5845,7803.738,6432.6748002897475,27.406054253472576
2020-01-08,8251.127159722222,7282.044,8184.4214,6432.6748002897475,66.70577300347213
2020-01-09,7932.594319444444,7070.7715,7895.0356,6432.6748002897475,37.55867491319441
2020-01-10,7839.990736111111,6994.9194,7811.694,6432.6748002897475,28.29688845486089
2020-01-11,8104.341048611111,7184.7793,8049.77,6432.6748002897475,54.57102907986064
2020-01-12,8106.823201388889,7186.346,8052.007,6432.6748002897475,54.816365451389174
2020-01-13,8104.928736111112,7185.1304,8050.299,6432.6748002897475,54.6299079861119
2020-01-14,8442.860965277778,7406.249,8361.463,6432.6748002897475,81.39807465277772
2020-01-15,8734.867923611111,7628.548,8632.563,6432.6748002897475,102.30444704861111
2020-01-16,8692.6434375,7592.6367,8593.28,6432.6748002897475,99.3631640625008
2020-01-17,8810.5094375,7698.592,8703.695,6432.6748002897475,106.81412500000079
2020-01-18,8888.869333333334,7776.4497,8778.055,6432.6748002897475,110.814645833334
2020-01-19,8898.275069444444,7786.3755,8787.066,6432.6748002897475,111.20866319444394
2020-01-20,8644.594874999999,7554.3555,8548.594,6432.6748002897475,96.00112499999886
2020-01-21,8640.6145625,7551.1836,8544.893,6432.6748002897475,95.72198437500083
2020-01-22,8674.949145833332,7578.539,8576.822,6432.6748002897475,98.1268802083323
2020-01-23,8492.949097222221,7440.846,8407.757,6432.6748002897475,85.1922612847211
2020-01-24,8362.409819444445,7351.7896,8287.144,6432.6748002897475,75.26626475694502
2020-01-25,8343.720756944445,7339.7314,8269.886,6432.6748002897475,73.83501475694538
2020-01-26,8386.178458333334,7367.527,8309.096,6432.6748002897475,77.08275520833377
2020-01-27,8647.454583333332,7556.634,8551.253,6432.6748002897475,96.20165364583227
2020-01-28,9006.120229166667,7906.308,8890.459,6432.6748002897475,115.66124479166683
2020-01-29,9275.944319444445,8166.833,9149.523,6432.6748002897475,126.42088194444477
2020-01-30,9333.179020833333,8228.612,9204.5625,6432.6748002897475,128.6165208333332
2020-01-31,9380.949861111112,8276.651,9250.607,6432.6748002897475,130.3424392361121
2020-02-01,9364.27113888889,8260.526,9234.529,6432.6748002897475,129.74184201388925
2020-02-02,9365.795854166667,8262.124,9236.0,6432.6748002897475,129.7958541666667
2020-02-03,9355.297958333334,8251.124,9225.88,6432.6748002897475,129.41807552083446
2020-02-04,9229.803083333332,8119.0493,9105.183,6432.6748002897475,124.62046614583232
2020-02-05,9293.535493055555,8186.084,9166.432,6432.6748002897475,127.10385243055498
2020-02-06,9674.481951388889,8536.808,9533.914,6432.6748002897475,140.56788888888877
2020-02-07,9769.353194444444,8641.375,9625.62,6432.6748002897475,143.73307725694394
2020-02-08,9787.454465277777,8665.015,9643.124,6432.6748002897475,144.33044184027676
2020-02-09,10035.523972222221,8996.851,9883.269,6432.6748002897475,152.25541753472135
2020-02-10,9972.643145833334,8908.144,9822.353,6432.6748002897475,150.29060677083362
2020-02-11,9870.855993055557,8770.919,9723.811,6432.6748002897475,147.0454461805566
2020-02-12,10318.596527777778,9359.6045,10158.043,6432.6748002897475,160.55355902777774
2020-02-13,10317.2859375,9358.053,10156.77,6432.6748002897475,160.51640625000073
2020-02-14,10229.873430555555,9261.744,10071.855,6432.6748002897475,158.0179618055554
2020-02-15,10237.5895,9269.9795,10079.348,6432.6748002897475,158.24184375000004
2020-02-16,9924.023305555556,8841.035,9775.272,6432.6748002897475,148.75084461805636
2020-02-17,9750.356854166666,8619.34,9607.252,6432.6748002897475,143.10490104166638
2020-02-18,9746.772847222222,8615.259,9603.787,6432.6748002897475,142.98573784722248
2020-02-19,10142.98001388889,9149.753,9987.503,6432.6748002897475,155.47708420138952
2020-02-20,9649.257645833333,8511.06,9509.543,6432.6748002897475,139.7146770833333
2020-02-21,9670.526770833334,8532.624,9530.092,6432.6748002897475,140.434973958334
2020-02-22,9657.683500000001,8519.21,9517.686,6432.6748002897475,139.997953125001
2020-02-23,9823.28098611111,8711.322,9677.778,6432.6748002897475,145.5026657986109
2020-02-24,9794.84654861111,8675.088,9650.273,6432.6748002897475,144.57311111111085
2020-02-25,9544.210444444443,8415.206,9408.101,6432.6748002897475,136.10985850694306
2020-02-26,9148.328340277778,8039.7686,9026.927,6432.6748002897475,121.4015824652779
2020-02-27,8790.7429375,7679.891,8685.031,6432.6748002897475,105.71168749999924
2020-02-28,8729.827979166666,7624.104,8627.874,6432.6748002897475,101.95395572916641
2020-02-29,8692.808083333333,7592.768,8593.433,6432.6748002897475,99.37546614583334
2020-03-01,8582.793451388889,7505.563,8491.142,6432.6748002897475,91.65184982638857
2020-03-02,8665.527666666667,7571.033,8568.061,6432.6748002897475,97.46711979166685
2020-03-03,8826.107152777779,7713.3496,8718.425,6432.6748002897475,107.68234809027854
2020-03-04,8759.11926388889,7650.7515,8655.285,6432.6748002897475,103.83410763888969
2020-03-05,8941.76442361111,7834.814,8828.749,6432.6748002897475,113.01540017361003
2020-03-06,9094.545513888888,7990.673,8975.298,6432.6748002897475,119.24766232638831
2020-03-07,9099.760256944444,7995.4253,8980.302,6432.6748002897475,119.45849913194434
2020-03-08,8686.048534722222,7587.383,8587.1455,6432.6748002897475,98.90302690972203
2020-03-09,7943.48179861111,7079.3696,7904.838,6432.6748002897475,38.64390798611021
2020-03-10,7930.3197013888885,7068.9775,7892.989,6432.6748002897475,37.33093185763846
2020-03-11,7863.515631944444,7014.3477,7832.859,6432.6748002897475,30.656745225694067
2020-03-12,7042.816875,6055.224,7076.822,6432.6748002897475,-34.00490234374956
2020-03-13,5304.016340277778,4382.2764,5506.576,6432.6748002897475,-202.559831597222
2020-03-14,5460.5203125,4487.6577,5721.5938,6432.6748002897475,-261.0734375000002
2020-03-15,5277.607,4366.597,5464.981,6432.6748002897475,-187.37395703125003
2020-03-16,5063.840701388889,4252.217,5139.832,6432.6748002897475,-75.9913298611109
2020-03-17,5231.600895833333,4339.283,5392.5405,6432.6748002897475,-160.9396315104168
2020-03-18,5298.2690555555555,4378.8643,5497.523,6432.6748002897475,-199.2538936631945
2020-03-19,5613.305354166667,4578.1465,5842.844,6432.6748002897475,-229.5388841145832
2020-03-20,6385.016347222221,5147.732,6525.965,6432.6748002897475,-140.94849652777884
2020-03-21,6145.6,4943.309,6312.252,6432.6748002897475,-166.65195312499964
2020-03-22,6191.4694375,4974.147,6355.932,6432.6748002897475,-164.4626914062501
2020-03-23,6022.457611111112,4865.447,6187.43,6432.6748002897475,-164.97256467013813
2020-03-24,6597.6648819444445,5375.9297,6702.1196,6432.6748002897475,-104.45474696180554
2020-03-25,6680.341583333334,5479.6523,6766.1577,6432.6748002897475,-85.8161315104162
2020-03-26,6657.528194444444,5451.0283,6748.329,6432.6748002897475,-90.80090711805587
2020-03-27,6706.233770833334,5511.6636,6786.397,6432.6748002897475,-80.16320182291565
2020-03-28,6295.5345,5067.925,6445.457,6432.6748002897475,-149.92253125000025
2020-03-29,6159.784020833334,4952.4844,6326.935,6432.6748002897475,-167.15103776041633
2020-03-30,6176.368611111112,4963.2124,6343.176,6432.6748002897475,-166.80717013888807
2020-03-31,6457.034694444445,5217.003,6593.0073,6432.6748002897475,-135.97262977430455
2020-04-01,6310.812097222222,5081.109,6458.787,6432.6748002897475,-147.9750121527777
2020-04-02,6665.236131944444,5460.7705,6754.353,6432.6748002897475,-89.11689539930558
2020-04-03,6820.449298611111,5669.059,6878.319,6432.6748002897475,-57.86954904513914
2020-04-04,6755.803208333333,5573.3687,6825.2437,6432.6748002897475,-69.4404440104172
2020-04-05,6808.10882638889,5649.3916,6867.7627,6432.6748002897475,-59.65386892361039
2020-04-06,7008.184118055556,5994.26,7044.6724,6432.6748002897475,-36.4882452256943
2020-04-07,7334.812569444444,6481.625,7352.3955,6432.6748002897475,-17.582938368055693
2020-04-08,7270.869326388889,6396.9478,7292.858,6432.6748002897475,-21.98858376736098
2020-04-09,7314.637166666666,6456.4473,7333.543,6432.6748002897475,-18.905802083333583
2020-04-10,7042.423215277778,6054.56,7076.4497,6432.6748002897475,-34.02649175347233
2020-04-11,6881.677576388889,5769.4365,6931.0884,6432.6748002897475,-49.410802517360935
2020-04-12,6907.549777777777,5813.8667,6953.6978,6432.6748002897475,-46.14797612847269
2020-04-13,6788.924770833333,5619.6743,6851.87,6432.6748002897475,-62.94534635416676
2020-04-14,6879.396152777778,5765.5083,6929.0986,6432.6748002897475,-49.7024800347217
2020-04-15,6830.321416666667,5684.793,6886.765,6432.6748002897475,-56.443720052083336
2020-04-16,6849.806027777778,5716.4,6903.4424,6432.6748002897475,-53.63635503472233
2020-04-17,7075.068958333334,6108.0464,7107.2773,6432.6748002897475,-32.208385416665806
2020-04-18,7124.173458333333,6176.8413,7154.536,6432.6748002897475,-30.362674479167254
2020-04-19,7181.462625,6262.5073,7209.9673,6432.6748002897475,-28.504660156249884
2020-04-20,7101.987222222222,6145.5024,7133.07,6432.6748002897475,-31.082601996527956
2020-04-21,6863.248569444444,5738.6943,6915.0938,6432.6748002897475,-51.845180555556
2020-04-22,6962.328979166667,5911.4116,7002.731,6432.6748002897475,-40.40197786458339
2020-04-23,7222.270548611111,6326.4688,7247.773,6432.6748002897475,-25.502400607639174
2020-04-24,7525.564,6707.1274,7530.815,6432.6748002897475,-5.250941406249694
2020-04-25,7540.7233750000005,6724.133,7544.2974,6432.6748002897475,-3.5739882812495125
2020-04-26,7584.228986111111,6770.1543,7583.1006,6432.6748002897475,1.128400173611226
2020-04-27,7698.6993125,6882.584,7685.335,6432.6748002897475,13.364351562499905
2020-04-28,7730.210270833332,6909.0854,7713.4937,6432.6748002897475,16.716618489582288
2020-04-29,8070.515375000001,7163.4126,8019.278,6432.6748002897475,51.23754296875086
2020-04-30,8902.1225,7790.661,8790.755,6432.6748002897475,111.36761718749949
2020-05-01,8775.503736111112,7665.769,8670.681,6432.6748002897475,104.82307204861172
2020-05-02,8851.315277777778,7738.2344,8742.239,6432.6748002897475,109.07601996527774
2020-05-03,8988.587701388888,7887.2954,8873.644,6432.6748002897475,114.94414670138758
2020-05-04,8767.1114375,7658.0767,8662.795,6432.6748002897475,104.31651562499974
2020-05-05,8921.163145833332,7811.868,8809.002,6432.6748002897475,112.16119270833224
2020-05-06,9108.122909722222,8003.048,8988.33,6432.6748002897475,119.79283159722218
2020-05-07,9392.666756944445,8286.725,9261.904,6432.6748002897475,130.7624600694453
2020-05-08,9912.435104166667,8825.101,9764.055,6432.6748002897475,148.38041666666686
2020-05-09,9779.014277777778,8653.632,9634.963,6432.6748002897475,144.05138715277826
2020-05-10,8840.890868055556,7727.6147,8732.387,6432.6748002897475,108.50414930555598
2020-05-11,8724.767784722222,7619.6675,8623.167,6432.6748002897475,101.60079253472213
2020-05-12,8741.449326388889,7634.555,8638.688,6432.6748002897475,102.76084982638895
2020-05-13,8960.6999375,7855.912,8846.903,6432.6748002897475,113.79661718749958
2020-05-14,9507.472798611112,8383.299,9372.644,6432.6748002897475,134.829243923612
2020-05-15,9588.488104166667,8454.757,9450.85,6432.6748002897475,137.63849479166674
2020-05-16,9398.173513888889,8291.664,9267.214,6432.6748002897475,130.95964670138892
2020-05-17,9567.977965277778,8436.304,9431.046,6432.6748002897475,136.9320668402779
2020-05-18,9724.063451388889,8589.641,9581.833,6432.6748002897475,142.230443576389
2020-05-19,9670.584263888888,8532.685,9530.147,6432.6748002897475,140.43680295138802
2020-05-20,9697.753770833333,8561.146,9556.404,6432.6748002897475,141.34947395833296
2020-05-21,9357.015833333335,8252.924,9227.536,6432.6748002897475,129.47970052083474
2020-05-22,9109.022527777777,8003.8677,8989.192,6432.6748002897475,119.83014496527721
2020-05-23,9201.173215277777,8090.9297,9077.678,6432.6748002897475,123.49548090277676
2020-05-24,9160.495972222221,8051.019,9038.611,6432.6748002897475,121.8846440972211
2020-05-25,8832.767333333333,7719.651,8724.715,6432.6748002897475,108.05248958333323
2020-05-26,8871.071354166666,7758.3384,8761.053,6432.6748002897475,110.01861979166642
2020-05-27,8977.708083333333,7874.98,8863.212,6432.6748002897475,114.49616927083298
2020-05-28,9262.181215277777,8151.9746,9136.296,6432.6748002897475,125.88531684027657
2020-05-29,9465.19523611111,8347.794,9331.852,6432.6748002897475,133.34367361111072
2020-05-30,9484.482625,8364.016,9350.46,6432.6748002897475,134.02266406250055
2020-05-31,9559.866062500001,8429.103,9423.214,6432.6748002897475,136.65219531250114
2020-06-01,9531.283194444444,8403.73,9395.623,6432.6748002897475,135.66014756944423
2020-06-02,9924.39925,8841.552,9775.637,6432.6748002897475,148.7625312500004
2020-06-03,9538.342597222221,8409.997,9402.437,6432.6748002897475,135.90607378472123
2020-06-04,9666.392166666667,8528.237,9526.099,6432.6748002897475,140.29353385416653
2020-06-05,9760.754104166666,8631.187,9617.305,6432.6748002897475,143.44941666666637
2020-06-06,9636.847895833334,8499.161,9497.555,6432.6748002897475,139.2932083333344
2020-06-07,9610.577326388888,8474.638,9472.182,6432.6748002897475,138.39568576388774
2020-06-08,9728.547805555556,8594.636,9586.168,6432.6748002897475,142.3798368055559
2020-06-09,9703.653034722221,8567.388,9562.1045,6432.6748002897475,141.5485425347215
2020-06-10,9769.159541666666,8641.138,9625.433,6432.6748002897475,143.72692447916597
2020-06-11,9739.544944444446,8607.058,9596.798,6432.6748002897475,142.74709288194572
2020-06-12,9386.863590277779,8281.674,9256.31,6432.6748002897475,130.5540199652787
2020-06-13,9431.105444444443,8319.403,9298.971,6432.6748002897475,132.1347413194435
2020-06-14,9414.725756944445,8306.579,9283.174,6432.6748002897475,131.55192881944458
2020-06-15,9230.294916666666,8119.5312,9105.655,6432.6748002897475,124.63964322916581
2020-06-16,9483.263881944444,8362.992,9349.284,6432.6748002897475,133.9797022569437
2020-06-17,9460.325520833334,8343.655,9327.154,6432.6748002897475,133.17122395833394
2020-06-18,9412.689680555555,8304.985,9281.211,6432.6748002897475,131.47874305555524
2020-06-19,9337.122,8232.315,9208.362,6432.6748002897475,128.7596953124994
2020-06-20,9294.606333333333,8187.2563,9167.461,6432.6748002897475,127.14539583333317
2020-06-21,9354.07473611111,8249.843,9224.701,6432.6748002897475,129.37356423610981
2020-06-22,9422.551756944444,8312.706,9290.721,6432.6748002897475,131.8310538194437
2020-06-23,9643.153638888889,8505.207,9503.6455,6432.6748002897475,139.50813107638896
2020-06-24,9499.35317361111,8376.488,9364.809,6432.6748002897475,134.54457986111083
2020-06-25,9233.288833333334,8122.4727,9108.532,6432.6748002897475,124.75660677083397
2020-06-26,9196.806541666667,8086.641,9073.483,6432.6748002897475,123.32314322916682
2020-06-27,9140.218611111111,8032.2827,9019.141,6432.6748002897475,121.07798611111139
2020-06-28,9034.386805555556,7935.5425,8917.57,6432.6748002897475,116.81649305555584
2020-06-29,9101.485506944446,7996.9976,8981.958,6432.6748002897475,119.52749913194566
2020-06-30,9158.414743055557,8049.089,9036.612,6432.6748002897475,121.80243836805676
2020-07-01,9175.434194444444,8065.6504,9052.957,6432.6748002897475,122.47716319444407
2020-07-02,9192.086298611111,8082.005,9068.95,6432.6748002897475,123.13610329861149
2020-07-03,9094.924125,7991.0176,8975.66,6432.6748002897475,119.26396874999955
2020-07-04,9084.155777777778,7981.413,8965.325,6432.6748002897475,118.83058246527798
2020-07-05,9078.179770833332,7976.114,8959.59,6432.6748002897475,118.58992708333244
2020-07-06,9170.26998611111,8060.577,9047.997,6432.6748002897475,122.27291579861048
2020-07-07,9277.42857638889,8168.458,9150.949,6432.6748002897475,126.47935763888927
2020-07-08,9312.986430555557,8207.664,9185.131,6432.6748002897475,127.85557118055658
2020-07-09,9363.21323611111,8259.418,9233.51,6432.6748002897475,129.70347048611075
2020-07-10,9198.433152777778,8088.239,9075.047,6432.6748002897475,123.38627777777765
2020-07-11,9242.377770833333,8131.4023,9117.265,6432.6748002897475,125.11312239583276
2020-07-12,9242.971715277778,8132.0195,9117.835,6432.6748002897475,125.13675434027755
2020-07-13,9281.715770833334,8173.149,9155.07,6432.6748002897475,126.64545833333432
2020-07-14,9215.840069444444,8105.335,9091.768,6432.6748002897475,124.07249131944445
2020-07-15,9230.9455,8120.171,9106.28,6432.6748002897475,124.66522656249981
2020-07-16,9146.028729166666,8037.644,9024.719,6432.6748002897475,121.30997916666638
2020-07-17,9128.2615,8021.401,9007.661,6432.6748002897475,120.60036718750052
2020-07-18,9158.834729166667,8049.477,9037.016,6432.6748002897475,121.81910416666688
2020-07-19,9153.102430555555,8044.18,9031.512,6432.6748002897475,121.59071180555475
2020-07-20,9179.970416666667,8070.105,9057.3125,6432.6748002897475,122.657916666667
2020-07-21,9271.582277777778,8162.06,9145.331,6432.6748002897475,126.25122309027756
2020-07-22,9356.200527777777,8252.07,9226.751,6432.6748002897475,129.4495512152771
2020-07-23,9512.9448125,8387.888,9377.924,6432.6748002897475,135.0209843749999
2020-07-24,9560.153743055556,8429.358,9423.491,6432.6748002897475,136.66253211805633
2020-07-25,9599.279305555556,8464.47,9461.269,6432.6748002897475,138.01075086805577
2020-07-26,9799.641618055555,8681.621,9654.911,6432.6748002897475,144.73048524305523
2020-07-27,10251.493111111111,9284.891,10092.853,6432.6748002897475,158.64057204861092
2020-07-28,10989.623965277777,10216.8955,10811.795,6432.6748002897475,177.82904340277673
2020-07-29,11056.04220138889,10312.303,10876.687,6432.6748002897475,179.35567795138923
2020-07-30,11047.988347222223,10300.712,10868.816,6432.6748002897475,179.17194097222273
2020-07-31,11158.706173611112,10462.037,10977.054,6432.6748002897475,181.6524626736118
2020-08-01,11536.484680555555,10949.489,11347.058,6432.6748002897475,189.42706336805531
2020-08-02,11444.200527777777,10828.412,11256.575,6432.6748002897475,187.6253324652771
2020-08-03,11225.363687500001,10552.767,11042.264,6432.6748002897475,183.1000156250011
2020-08-04,11255.994902777778,10590.516,11072.238,6432.6748002897475,183.7566215277784
2020-08-05,11385.690791666666,10754.273,11199.239,6432.6748002897475,186.45153385416597
2020-08-06,11737.538187499998,11218.373,11544.405,6432.6748002897475,193.13291406249846
2020-08-07,11750.201618055555,11235.371,11556.845,6432.6748002897475,193.35689149305472
2020-08-08,11661.79776388889,11116.944,11470.025,6432.6748002897475,191.77237326388968
2020-08-09,11683.777673611112,11146.295,11491.6045,6432.6748002897475,192.17318142361182
2020-08-10,11870.252944444443,11399.136,11674.837,6432.6748002897475,195.41603038194262
2020-08-11,11720.140763888889,11195.022,11527.316,6432.6748002897475,192.8243576388886
2020-08-12,11421.777097222222,10799.999,11234.598,6432.6748002897475,187.17944097222244
2020-08-13,11526.918798611112,10936.766,11337.676,6432.6748002897475,189.24301736111192
2020-08-14,11741.859715277777,11224.174,11548.649,6432.6748002897475,193.21030121527656
2020-08-15,11856.687756944446,11380.514,11661.499,6432.6748002897475,195.18873350694594
2020-08-16,11854.69845138889,11377.783,11659.543,6432.6748002897475,195.15548263888923
2020-08-17,11975.706979166667,11538.4795,11778.57,6432.6748002897475,197.13666666666722
2020-08-18,12214.26226388889,11836.323,12010.387,6432.6748002897475,203.87554513888972
2020-08-19,11848.415923611112,11369.158,11653.365,6432.6748002897475,195.0506892361118
2020-08-20,11776.179652777777,11270.258,11582.368,6432.6748002897475,193.81148871527694
2020-08-21,11788.438819444444,11287.017,11594.413,6432.6748002897475,194.02573350694365
2020-08-22,11550.231506944443,10967.824,11360.542,6432.6748002897475,189.68951475694303
2020-08-23,11616.22298611111,11055.891,11425.289,6432.6748002897475,190.93392361111
2020-08-24,11719.267479166669,11193.85,11526.458,6432.6748002897475,192.80947135416864
2020-08-25,11577.92415972222,11004.748,11387.708,6432.6748002897475,190.2161519097208
2020-08-26,11378.394597222223,10745.016,11192.092,6432.6748002897475,186.30280034722273
2020-08-27,11376.419972222222,10742.51,11190.158,6432.6748002897475,186.261769097222
2020-08-28,11406.950666666668,10781.213,11220.069,6432.6748002897475,186.88133072916753
2020-08-29,11504.747576388889,10907.355,11315.932,6432.6748002897475,188.81593576388877
2020-08-30,11584.890208333334,11014.033,11394.544,6432.6748002897475,190.34626302083416
2020-08-31,11678.72795138889,11139.554,11486.647,6432.6748002897475,192.08049045138978
2020-09-01,11820.295131944444,11330.566,11625.721,6432.6748002897475,194.5744288194437
2020-09-02,11678.020812499999,11138.607,11485.953,6432.6748002897475,192.067687499999
2020-09-03,11164.490611111112,10470.533,10982.712,6432.6748002897475,181.77869704861223
2020-09-04,10406.9025625,9458.917,10243.883,6432.6748002897475,163.01974999999948
2020-09-05,10349.120083333333,9394.774,10187.708,6432.6748002897475,161.41207552083324
2020-09-06,10168.250951388889,9188.283,10012.028,6432.6748002897475,156.222631076389
2020-09-07,10163.809881944444,9181.46,10007.718,6432.6748002897475,156.092108506944
2020-09-08,10180.9975625,9205.95,10024.402,6432.6748002897475,156.59521875000064
2020-09-09,10150.277993055555,9160.837,9994.586,6432.6748002897475,155.69205555555527
2020-09-10,10327.036881944445,9369.604,10166.245,6432.6748002897475,160.79176475694476
2020-09-11,10297.97426388889,9336.124,10138.005,6432.6748002897475,159.96938107638925
2020-09-12,10357.610701388889,9404.152,10195.96,6432.6748002897475,161.65074045138863
2020-09-13,10417.128861111112,9470.378,10253.827,6432.6748002897475,163.3017126736122
2020-09-14,10447.61986111111,9505.529,10283.481,6432.6748002897475,164.13841579861037
2020-09-15,10750.173555555555,9894.95,10578.123,6432.6748002897475,172.05050868055514
2020-09-16,10864.943416666667,10048.916,10690.07,6432.6748002897475,174.87310416666696
2020-09-17,10902.558847222223,10096.781,10726.781,6432.6748002897475,175.77759722222254
2020-09-18,10929.395611111111,10132.747,10752.979,6432.6748002897475,176.41709548611107
2020-09-19,10986.330993055557,10212.167,10808.578,6432.6748002897475,177.75286805555697
2020-09-20,10945.969618055555,10155.826,10769.162,6432.6748002897475,176.80750868055475
2020-09-21,10740.483513888888,9882.006,10568.676,6432.6748002897475,171.8077326388884
2020-09-22,10463.114277777779,9523.472,10298.556,6432.6748002897475,164.55861371527863
2020-09-23,10475.851284722223,9538.221,10310.947,6432.6748002897475,164.90401909722277
2020-09-24,10371.246034722222,9419.218,10209.215,6432.6748002897475,162.03119097222225
2020-09-25,10665.294395833333,9784.198,10495.395,6432.6748002897475,169.8998645833326
2020-09-26,10713.221520833333,9845.928,10542.102,6432.6748002897475,171.11995833333276
2020-09-27,10716.110833333332,9849.716,10544.917,6432.6748002897475,171.19384114583227
2020-09-28,10860.243916666666,10042.795,10685.484,6432.6748002897475,174.75954166666634
2020-09-29,10739.266763888889,9880.381,10567.489,6432.6748002897475,171.77750607638882
2020-09-30,10748.847048611111,9893.179,10576.83,6432.6748002897475,172.01697048611095
2020-10-01,10777.179895833335,9931.157,10604.456,6432.6748002897475,172.72384114583474
2020-10-02,10539.1564375,9616.694,10372.553,6432.6748002897475,166.6037031249998
2020-10-03,10544.867493055555,9624.131,10378.112,6432.6748002897475,166.75518836805531
2020-10-04,10587.908569444444,9681.193,10420.018,6432.6748002897475,167.89099131944386
2020-10-05,10689.98426388889,9815.465,10519.452,6432.6748002897475,170.53211545138947
2020-10-06,10728.535986111112,9866.1455,10557.029,6432.6748002897475,171.50668923611192
2020-10-07,10606.91551388889,9706.727,10438.526,6432.6748002897475,168.3891467013891
2020-10-08,10694.082229166666,9820.837,10523.446,6432.6748002897475,170.63594010416637
2020-10-09,10954.693840277778,10167.937,10777.682,6432.6748002897475,177.01219965277778
2020-10-10,11287.2363125,10629.718,11102.82,6432.6748002897475,184.41599999999926
2020-10-11,11360.436972222222,10722.231,11174.502,6432.6748002897475,185.9350190972218
2020-10-12,11401.169368055556,10773.889,11214.405,6432.6748002897475,186.76409461805633
2020-10-13,11479.561055555556,10874.137,11291.236,6432.6748002897475,188.32472743055587
2020-10-14,11412.48717361111,10788.2295,11225.496,6432.6748002897475,186.99107986111085
2020-10-15,11393.825986111111,10764.583,11207.211,6432.6748002897475,186.61504861111098
2020-10-16,11396.015743055556,10767.356,11209.355,6432.6748002897475,186.6602743055555
2020-10-17,11339.916333333333,10696.198,11154.402,6432.6748002897475,185.51398958333266
2020-10-18,11411.242645833334,10786.65,11224.275,6432.6748002897475,186.96725520833388
2020-10-19,11536.397416666667,10949.373,11346.973,6432.6748002897475,189.4247604166667
2020-10-20,11812.907847222223,11320.469,11618.461,6432.6748002897475,194.4469097222227
2020-10-21,12296.079645833333,11934.274,12087.342,6432.6748002897475,208.73784895833342
2020-10-22,12898.260465277777,12671.991,12615.702,6432.6748002897475,282.55831684027726
2020-10-23,12960.93540972222,12744.251,12670.706,6432.6748002897475,290.22935503472036
2020-10-24,13000.227923611112,12787.281,12705.203,6432.6748002897475,295.0247986111117
2020-10-25,13068.246583333332,12861.768,12764.94,6432.6748002897475,303.3061536458317
2020-10-26,13064.601756944445,12857.775,12761.739,6432.6748002897475,302.8624991319448
2020-10-27,13255.53027777778,13049.902,12929.582,6432.6748002897475,325.9482465277797
2020-10-28,13521.155673611112,13300.711,13163.481,6432.6748002897475,357.67422829861243
2020-10-29,13288.766729166666,13081.882,12958.824,6432.6748002897475,329.94251041666575
2020-10-30,13417.76275,13206.161,13072.384,6432.6748002897475,345.37896093749987
2020-10-31,13697.207534722223,13442.786,13318.756,6432.6748002897475,378.4516753472235
2020-11-01,13771.459166666666,13502.859,13384.303,6432.6748002897475,387.1564322916656
2020-11-02,13636.010055555556,13393.274,13264.76,6432.6748002897475,371.2502899305564
2020-11-03,13570.666951388888,13340.576,13207.129,6432.6748002897475,363.53804513888826
2020-11-04,13839.14051388889,13557.621,13444.084,6432.6748002897475,395.0565295138895
2020-11-05,14486.4543125,14065.249,14017.298,6432.6748002897475,469.1564609375
2020-11-06,15529.302694444445,14873.327,14946.395,6432.6748002897475,582.9081631944446
2020-11-07,15495.221006944445,14846.841,14915.919,6432.6748002897475,579.3020616319445
2020-11-08,15071.209270833335,14517.725,14537.409,6432.6748002897475,533.8000911458348
2020-11-09,15391.507402777777,14766.241,14823.222,6432.6748002897475,568.2857230902773
2020-11-10,15333.17563888889,14720.966,14771.118,6432.6748002897475,562.0574748263898
2020-11-11,15503.6049375,14853.357,14923.414,6432.6748002897475,580.1908750000002
2020-11-12,15843.9186875,15118.966,15228.073,6432.6748002897475,615.8454453124996
2020-11-13,16265.689687499998,15449.6875,15606.666,6432.6748002897475,659.0236718749984
2020-11-14,16093.547118055556,15314.644,15452.012,6432.6748002897475,641.535399305556
2020-11-15,16016.703631944445,15254.409,15383.037,6432.6748002897475,633.6665225694451
2020-11-16,16190.59170138889,15390.718,15539.175,6432.6748002897475,651.4168967013902
2020-11-17,16902.653944444442,15949.852,16180.527,6432.6748002897475,722.1266006944425
2020-11-18,17867.098618055556,16714.598,17047.674,6432.6748002897475,819.4247899305556
2020-11-19,17801.503055555553,16662.129,16991.41,6432.6748002897475,810.0928993055531
2020-11-20,18192.935131944443,16976.18,17327.525,6432.6748002897475,865.4097413194431
2020-11-21,18706.089638888887,17389.143,17769.502,6432.6748002897475,936.5876857638868
2020-11-22,18447.256395833334,17180.809,17546.38,6432.6748002897475,900.875536458334
2020-11-23,18484.93966666667,17211.14,17578.842,6432.6748002897475,906.0978697916689
2020-11-24,18714.728402777775,17396.096,17776.957,6432.6748002897475,937.771371527775
2020-11-25,19105.264430555555,17711.094,18114.355,6432.6748002897475,990.908961805555
2020-11-26,17792.61460416667,16655.02,16983.787,6432.6748002897475,808.8274947916689
2020-11-27,16981.745916666667,16011.958,16251.961,6432.6748002897475,729.7849791666667
2020-11-28,17149.40279861111,16143.608,16403.512,6432.6748002897475,745.8910798611105
2020-11-29,17905.17953472222,16745.07,17080.348,6432.6748002897475,824.8318784722214
2020-11-30,18656.227131944444,17349.008,17726.49,6432.6748002897475,929.7368975694444
2020-12-01,19355.36152777778,17914.543,18330.88,6432.6748002897475,1024.480668402779
2020-12-02,18922.918298611112,17563.666,17956.71,6432.6748002897475,966.2073611111118
2020-12-03,19219.42690972222,17803.701,18213.15,6432.6748002897475,1006.2765190972204
2020-12-04,19235.91195138889,17817.096,18227.422,6432.6748002897475,1008.4900763888909
2020-12-05,18958.799666666666,17592.547,17987.715,6432.6748002897475,971.0848229166659
2020-12-06,19121.245854166667,17724.041,18128.182,6432.6748002897475,993.0642135416674
2020-12-07,19226.318972222223,17809.303,18219.117,6432.6748002897475,1007.2017847222232
2020-12-08,19023.064347222222,17644.494,18043.268,6432.6748002897475,979.7967690972218
2020-12-09,18319.82659027778,17078.242,17436.676,6432.6748002897475,883.1508090277785
2020-12-10,18319.230090277775,17077.764,17436.162,6432.6748002897475,883.0679809027752
2020-12-11,17999.453444444443,16820.64,17161.275,6432.6748002897475,838.1780538194434
2020-12-12,18314.847,17074.232,17432.39,6432.6748002897475,882.4563750000016
2020-12-13,19040.63909027778,17658.734,18058.463,6432.6748002897475,982.1761996527785
2020-12-14,19147.599784722224,17745.395,18150.982,6432.6748002897475,996.6173628472243
2020-12-15,19298.897180555556,17868.422,18281.967,6432.6748002897475,1016.9303836805557
2020-12-16,19754.037777777776,18241.924,18676.781,6432.6748002897475,1077.2565277777758
2020-12-17,22234.689479166667,20341.332,20849.123,6432.6748002897475,1385.5664322916673
2020-12-18,22878.873375,20901.355,21418.82,6432.6748002897475,1460.0530624999992
2020-12-19,23154.187604166666,21141.287,21662.992,6432.6748002897475,1491.1954166666656
2020-12-20,23623.177979166667,21550.838,22079.88,6432.6748002897475,1543.2971197916668
2020-12-21,23423.390020833336,21375.893,21902.14,6432.6748002897475,1521.2493958333362
2020-12-22,22986.141118055555,20994.836,21513.906,6432.6748002897475,1472.2348680555551
2020-12-23,23558.728979166663,21494.205,22022.521,6432.6748002897475,1536.2074947916626
2020-12-24,23192.45151388889,21174.637,21696.963,6432.6748002897475,1495.4886232638892
2020-12-25,23814.076069444443,21718.875,22249.91,6432.6748002897475,1564.1659131944434
2020-12-26,24894.046548611113,22678.424,23215.504,6432.6748002897475,1678.5426423611134
2020-12-27,26977.205430555558,24529.086,25095.42,6432.6748002897475,1881.7855086805575
2020-12-28,26902.197958333334,24462.46,25027.342,6432.6748002897475,1874.856161458334
2020-12-29,26656.878041666667,24244.545,24804.875,6432.6748002897475,1852.0030416666668
2020-12-30,27756.51817361111,25225.291,25804.482,6432.6748002897475,1952.0357517361117
2020-12-31,28833.373930555557,26189.273,26789.33,6432.6748002897475,2044.0438524305573
2021-01-01,29238.814298611112,26552.783,27161.635,6432.6748002897475,2077.1795329861125
2021-01-02,30155.87381944444,27375.008,28006.758,6432.6748002897475,2149.1160069444413
2021-01-03,33234.01840972222,30142.61,30873.768,6432.6748002897475,2360.2508315972227
2021-01-04,32250.857111111112,29256.592,29952.734,6432.6748002897475,2298.1227361111123
2021-01-05,31742.739875000003,28798.682,29478.824,6432.6748002897475,2263.915656250003
2021-01-06,34495.03778472222,31279.2,32076.078,6432.6748002897475,2418.959659722219
2021-01-07,37396.750868055555,33896.242,34870.137,6432.6748002897475,2526.6141493055547
2021-01-08,39611.2411875,35892.527,37027.207,6432.6748002897475,2584.0341562500034
2021-01-09,40299.8971875,36513.33,37702.207,6432.6748002897475,2597.690156249999
2021-01-10,40282.074944444445,36497.258,37684.715,6432.6748002897475,2597.3601006944446
2021-01-11,35210.725069444445,31924.654,32761.703,6432.6748002897475,2449.0219444444447
2021-01-12,34696.87088888889,31461.225,32269.19,6432.6748002897475,2427.681435763887
2021-01-13,34169.03500694444,30985.24,31764.547,6432.6748002897475,2404.4881319444394
2021-01-14,37995.47553472222,34435.977,35451.266,6432.6748002897475,2544.2099097222235
2021-01-15,38129.52526388889,34556.82,35581.59,6432.6748002897475,2547.9354201388924
2021-01-16,36782.741062500005,33342.44,34275.785,6432.6748002897475,2506.955906250005
2021-01-17,35678.784451388885,32346.783,33211.35,6432.6748002897475,2467.432888888885
2021-01-18,36034.99909027778,32668.043,33554.223,6432.6748002897475,2480.776434027779
2021-01-19,36805.911298611114,33363.344,34298.184,6432.6748002897475,2507.727704861114
2021-01-20,35451.95222222222,32142.209,32993.316,6432.6748002897475,2458.635815972222
2021-01-21,33672.71516666667,30537.959,31291.2,6432.6748002897475,2381.5159479166687
2021-01-22,31491.006944444445,28572.434,29244.496,6432.6748002897475,2246.5108506944453
2021-01-23,32600.891784722222,29572.04,30279.916,6432.6748002897475,2320.975769097222
2021-01-24,32317.924444444445,29317.03,30015.375,6432.6748002897475,2302.549444444445
2021-01-25,33116.472875,30036.678,30762.875,6432.6748002897475,2353.5978749999995
2021-01-26,32124.319062500002,29142.555,29834.6,6432.6748002897475,2289.7194531250025
2021-01-27,31448.919319444445,28534.674,29205.346,6432.6748002897475,2243.573616319445
2021-01-28,31331.431118055556,28429.254,29096.104,6432.6748002897475,2235.327602430556
2021-01-29,34749.419034722225,31508.617,32319.502,6432.6748002897475,2429.9170815972248
2021-01-30,34083.65679166667,30908.297,31683.037,6432.6748002897475,2400.619682291668
2021-01-31,33762.770854166665,30619.12,31377.004,6432.6748002897475,2385.7669479166652
2021-02-01,33523.69549305555,30403.666,31149.305,6432.6748002897475,2374.390805555551
2021-02-02,34319.29134722222,31120.7,31908.07,6432.6748002897475,2411.221034722221
2021-02-03,36246.42261111111,32858.72,33757.992,6432.6748002897475,2488.430423611113
2021-02-04,37501.72723611111,33990.88,34971.914,6432.6748002897475,2529.81317361111
2021-02-05,37548.992798611114,34033.49,35017.754,6432.6748002897475,2531.2388923611143
2021-02-06,39350.70008333333,35657.664,36772.348,6432.6748002897475,2578.3524270833295
2021-02-07,39024.384513888894,35363.5,36453.543,6432.6748002897475,2570.8415451388937
2021-02-08,40007.22290972222,36249.49,37415.1,6432.6748002897475,2592.1213472222225
2021-02-09,46116.19698611111,41794.402,43477.434,6432.6748002897475,2638.7633923611065
2021-02-10,46218.17579861111,41887.75,43579.82,6432.6748002897475,2638.3554861111115
2021-02-11,45720.87152777778,41432.543,43080.9,6432.6748002897475,2639.973090277781
2021-02-12,47605.286125,43157.418,44976.03,6432.6748002897475,2629.2548749999987
2021-02-13,47402.37866666667,42971.69,44771.38,6432.6748002897475,2630.999760416671
2021-02-14,48206.7773125,43707.99,45583.523,6432.6748002897475,2623.253875000002
2021-02-15,47965.60688194444,43487.234,45339.8,6432.6748002897475,2625.806100694441
2021-02-16,48789.12149305556,44241.03,46172.836,6432.6748002897475,2616.285555555558
2021-02-17,50191.6646875,45524.83,47596.695,6432.6748002897475,2594.9693750000006
2021-02-18,51954.6313125,47139.293,49395.258,6432.6748002897475,2559.3735000000015
2021-02-19,52339.037979166664,47491.586,49788.688,6432.6748002897475,2550.3504791666637
2021-02-20,56081.304881944445,50922.26,53559.297,6432.6748002897475,2522.008006944445
2021-02-21,56765.65536805556,51549.754,54247.56,6432.6748002897475,2518.096774305559
2021-02-22,55477.94920138888,50369.04,52952.926,6432.6748002897475,2525.023420138881
2021-02-23,50314.5304375,45637.297,47721.734,6432.6748002897475,2592.796062499998
2021-02-24,49522.378187500006,44912.207,46916.45,6432.6748002897475,2605.928968750006
2021-02-25,50046.4115,45391.87,47448.95,6432.6748002897475,2597.462281250002
2021-02-26,47143.975618055556,42735.164,44510.953,6432.6748002897475,2633.022493055556
2021-02-27,47052.85732638889,42651.758,44419.176,6432.6748002897475,2633.68154513889
2021-02-28,45218.11560416667,40972.35,42577.402,6432.6748002897475,2640.713260416669
2021-03-01,46820.57300694444,42439.145,44185.348,6432.6748002897475,2635.22535069444
2021-03-02,48849.93692361111,44296.695,46234.44,6432.6748002897475,2615.495517361109
2021-03-03,49786.349131944444,45153.824,47184.566,6432.6748002897475,2601.782725694444
2021-03-04,49956.23673611112,45309.332,47357.25,6432.6748002897475,2598.9867361111174
2021-03-05,47539.76771527778,43097.45,44909.934,6432.6748002897475,2629.8341215277833
2021-03-06,48446.5791875,43927.49,45826.05,6432.6748002897475,2620.5284062499995
2021-03-07,49862.69658333333,45223.715,47262.156,6432.6748002897475,2600.5403333333306
2021-03-08,50539.89234027778,45843.58,47951.19,6432.6748002897475,2588.70093402778
2021-03-09,53407.905305555556,48471.152,50877.492,6432.6748002897475,2530.413118055556
2021-03-10,54919.195125000006,49856.715,52391.594,6432.6748002897475,2527.6013750000056
2021-03-11,56056.72430555556,50899.727,53534.6,6432.6748002897475,2522.122743055559
2021-03-12,56945.487062500004,51714.645,54428.613,6432.6748002897475,2516.873781250004
2021-03-13,57964.105131944445,52649.395,55455.594,6432.6748002897475,2508.511381944445
2021-03-14,60611.87321527778,55082.066,58136.242,6432.6748002897475,2475.631027777781
2021-03-15,58110.297173611114,52783.71,55603.195,6432.6748002897475,2507.101861111114
2021-03-16,55356.735715277784,50257.9,52831.08,6432.6748002897475,2525.657590277784
2021-03-17,55839.24886805556,50700.316,53316.137,6432.6748002897475,2523.1121493055616
2021-03-18,58574.30575,53210.02,56071.984,6432.6748002897475,2502.3213749999995
2021-03-19,58160.31442361111,52829.664,55653.703,6432.6748002897475,2506.611298611111
2021-03-20,58774.37508333334,53393.84,56274.27,6432.6748002897475,2500.1055520833397
2021-03-21,57452.902076388884,52179.9,54939.88,6432.6748002897475,2513.023170138884
2021-03-22,57289.93188888889,52030.47,54775.61,6432.6748002897475,2514.3225138888884
2021-03-23,54727.118340277775,49680.594,52198.816,6432.6748002897475,2528.301934027775
2021-03-24,55357.30010416667,50258.418,52831.65,6432.6748002897475,2525.651666666672
2021-03-25,52322.49863194444,47476.426,49771.75,6432.6748002897475,2550.7486319444433
2021-03-26,52858.07481944444,47967.26,50320.59,6432.6748002897475,2537.4849756944386
2021-03-27,54921.84860416666,49859.14,52394.258,6432.6748002897475,2527.590791666662
2021-03-28,55969.53650694444,50819.785,53447.004,6432.6748002897475,2522.532600694438
2021-03-29,56533.999902777774,51337.344,54014.45,6432.6748002897475,2519.550684027774
2021-03-30,58151.99165277778,52822.016,55645.297,6432.6748002897475,2506.6947777777823
2021-03-31,58687.19615972222,53313.746,56186.113,6432.6748002897475,2501.082878472218
2021-04-01,58872.13102777778,53483.652,56373.137,6432.6748002897475,2498.994309027781
2021-04-02,59273.07370138889,53852.027,56778.875,6432.6748002897475,2494.1987013888865
2021-04-03,59109.3634375,53701.617,56613.16,6432.6748002897475,2496.2032812499965
2021-04-04,57683.178743055556,52391.293,55172.117,6432.6748002897475,2511.061555555556
2021-04-05,57973.28559027778,52657.824,55464.867,6432.6748002897475,2508.418402777781
2021-04-06,58585.78117361111,53220.574,56083.582,6432.6748002897475,2502.1991423611107
2021-04-07,57277.90572916667,52019.445,54763.477,6432.6748002897475,2514.4291666666686
2021-04-08,56927.950305555554,51698.562,54410.953,6432.6748002897475,2516.997180555554
2021-04-09,58127.57218055555,52799.58,55620.633,6432.6748002897475,2506.9393680555513
2021-04-10,59691.59094444444,54236.543,57202.78,6432.6748002897475,2488.8096944444405
2021-04-11,59701.864368055554,54245.984,57213.188,6432.6748002897475,2488.676868055554
2021-04-12,60056.32740277777,54571.652,57572.516,6432.6748002897475,2483.8117777777734
2021-04-13,61636.871402777775,56023.793,59177.996,6432.6748002897475,2458.875309027775
2021-04-14,63576.73404861111,57806.074,61155.188,6432.6748002897475,2421.5465486111134
2021-04-15,62788.83930555555,57082.184,60351.305,6432.6748002897475,2437.53461805555
2021-04-16,62019.8234375,56375.65,59567.76,6432.6748002897475,2452.061718750003
2021-04-17,61529.240458333334,55924.91,59068.51,6432.6748002897475,2460.7287395833337
2021-04-18,56800.34,51581.555,54282.473,6432.6748002897475,2517.8673437499965
2021-04-19,56443.064999999995,51253.965,53922.98,6432.6748002897475,2520.084531249995
2021-04-20,55439.15043749999,50333.465,52913.92,6432.6748002897475,2525.228562499993
2021-04-21,55787.32594444444,50652.715,53264.0,6432.6748002897475,2523.325944444441
2021-04-22,54266.53447916667,49258.285,51736.965,6432.6748002897475,2529.569635416672
2021-04-23,50052.371430555555,45397.33,47455.004,6432.6748002897475,2597.367524305555
2021-04-24,50088.60138888889,45430.496,47491.85,6432.6748002897475,2596.749826388892
2021-04-25,50010.944756944446,45359.41,47412.88,6432.6748002897475,2598.0658506944455
2021-04-26,52203.34202777778,47367.22,49649.76,6432.6748002897475,2553.580309027777
2021-04-27,54349.319208333334,49334.184,51819.934,6432.6748002897475,2529.3856145833342
2021-04-28,54853.35080555555,49796.336,52325.5,6432.6748002897475,2527.8508055555503
2021-04-29,54153.09844444445,49154.27,51623.305,6432.6748002897475,2529.7937569444475
2021-04-30,54642.93011111111,49603.4,52114.36,6432.6748002897475,2528.5707361111126
2021-05-01,57713.65863888889,52419.297,55202.863,6432.6748002897475,2510.79535763889
2021-05-02,57035.96576388889,51797.605,54519.723,6432.6748002897475,2516.2431076388893
2021-05-03,57867.58045138889,52560.703,55358.168,6432.6748002897475,2509.412482638887
2021-05-04,55775.88857638889,50642.223,53252.51,6432.6748002897475,2523.37685763889
2021-05-05,55433.44494444445,50328.23,52908.176,6432.6748002897475,2525.269163194447
2021-05-06,57111.65245138889,51867.004,54595.973,6432.6748002897475,2515.679795138887
2021-05-07,56637.68434027778,51432.418,54118.77,6432.6748002897475,2518.9148090277813
2021-05-08,58311.27795833334,52968.363,55806.184,6432.6748002897475,2505.0943645833395
2021-05-09,58137.25504166667,52808.48,55630.41,6432.6748002897475,2506.844885416671
2021-05-10,58165.252458333336,52834.203,55658.688,6432.6748002897475,2506.564958333336
2021-05-11,55706.49625694445,50578.6,53182.758,6432.6748002897475,2523.738444444447
2021-05-12,56476.85420138889,51284.95,53956.96,6432.6748002897475,2519.8932638888873
2021-05-13,50518.727819444444,45824.207,47929.633,6432.6748002897475,2589.0950069444443
2021-05-14,50109.17086111112,45449.324,47512.773,6432.6748002897475,2596.397423611117
2021-05-15,49143.757625000006,44565.64,46532.258,6432.6748002897475,2611.4998125000056
2021-05-16,48177.966604166664,43681.617,45554.402,6432.6748002897475,2623.564260416664
2021-05-17,44548.254840277776,40360.652,41907.99,6432.6748002897475,2640.2665590277757
2021-05-18,44330.71184027778,40162.695,41690.953,6432.6748002897475,2639.758715277778
2021-05-19,39807.56145833333,36069.504,37219.438,6432.6748002897475,2588.12395833333
2021-05-20,39551.924722222226,35839.055,36969.164,6432.6748002897475,2582.7606597222257
2021-05-21,39819.99099305556,36080.71,37231.613,6432.6748002897475,2588.3777118055586
2021-05-22,37243.126805555556,33757.684,34721.277,6432.6748002897475,2521.8494618055556
2021-05-23,35659.11704861111,32329.045,33192.44,6432.6748002897475,2466.6756423611077
2021-05-24,36244.176798611115,32856.69,33755.824,6432.6748002897475,2488.3525798611154
2021-05-25,38225.51647916666,34643.35,35674.957,6432.6748002897475,2550.559447916661
2021-05-26,39110.4381875,35441.074,36537.57,6432.6748002897475,2572.8678750000036
2021-05-27,38847.36279166667,35203.92,36280.78,6432.6748002897475,2566.5815416666665
2021-05-28,37170.53268055556,33692.207,34650.97,6432.6748002897475,2519.5639305555596
2021-05-29,35412.65920138889,32106.771,32955.57,6432.6748002897475,2457.0888888888876
2021-05-30,35231.02333333333,31942.96,32781.176,6432.6748002897475,2449.847552083331
2021-05-31,35992.76831944445,32629.955,33513.543,6432.6748002897475,2479.225350694447
2021-06-01,36680.376701388894,33250.113,34176.855,6432.6748002897475,2503.5212326388937
2021-06-02,37060.28989583334,33592.773,34544.242,6432.6748002897475,2516.047708333339
2021-06-03,38341.61824305556,34748.008,35787.94,6432.6748002897475,2553.6768368055564
2021-06-04,37396.806749999996,33896.297,34870.19,6432.6748002897475,2526.615343749996
2021-06-05,36864.74270833333,33416.402,34355.066,6432.6748002897475,2509.6763020833314
2021-06-06,35912.528979166666,32557.588,33436.277,6432.6748002897475,2476.2516354166655
2021-06-07,36120.67773611111,32745.312,33636.773,6432.6748002897475,2483.904298611109
2021-06-08,33039.31311805556,29967.14,30690.518,6432.6748002897475,2348.7955399305574
2021-06-09,34323.14941666667,31124.174,31911.758,6432.6748002897475,2411.391604166667
2021-06-10,37039.34820833334,33573.887,34523.973,6432.6748002897475,2515.3755520833365
2021-06-11,36904.174090277775,33451.965,34393.195,6432.6748002897475,2510.9787777777747
2021-06-12,35952.1805,32593.35,33474.457,6432.6748002897475,2477.723468750002
2021-06-13,35884.87935416667,32532.652,33409.652,6432.6748002897475,2475.2270104166673
2021-06-14,39469.586375,35764.832,36888.605,6432.6748002897475,2580.980906249999
2021-06-15,40232.78461805556,36452.83,37636.34,6432.6748002897475,2596.444774305557
2021-06-16,39668.59899305555,35944.23,37083.36,6432.6748002897475,2585.2396180555515
2021-06-17,38738.62219444445,35105.9,36174.723,6432.6748002897475,2563.899538194448
2021-06-18,37363.29390972222,33866.066,34837.71,6432.6748002897475,2525.582972222219
2021-06-19,35720.07029166666,32384.018,33251.066,6432.6748002897475,2469.0038854166633
2021-06-20,35087.24899305555,31813.297,32643.242,6432.6748002897475,2444.006805555553
2021-06-21,33746.161923611115,30604.148,31361.178,6432.6748002897475,2384.9841892361146
2021-06-22,31916.321277777777,28955.111,29640.58,6432.6748002897475,2275.741199652777
2021-06-23,33622.931493055556,30493.098,31243.785,6432.6748002897475,2379.1463368055556
2021-06-24,33515.10914583333,30395.93,31141.13,6432.6748002897475,2373.978286458332
2021-06-25,33856.144013888894,30703.264,31466.006,6432.6748002897475,2390.138154513894
2021-06-26,31547.96523611111,28623.54,29297.486,6432.6748002897475,2250.478907986111
2021-06-27,32723.598687499998,29682.625,30394.744,6432.6748002897475,2328.854546874998
2021-06-28,34309.451534722226,31111.822,31898.664,6432.6748002897475,2410.787472222226
2021-06-29,35284.03820833334,31990.773,32832.062,6432.6748002897475,2451.975708333339
2021-06-30,35136.61141666667,31857.814,32690.592,6432.6748002897475,2446.0196197916666
2021-07-01,33967.39644444444,30803.521,31572.105,6432.6748002897475,2395.2909756944427
2021-07-02,33293.865097222224,30196.545,30930.664,6432.6748002897475,2363.201034722224
2021-07-03,34113.870833333334,30935.527,31711.883,6432.6748002897475,2401.9880208333343
2021-07-04,35132.521215277775,31854.123,32686.668,6432.6748002897475,2445.853246527775
2021-07-05,34356.17019444444,31153.957,31943.314,6432.6748002897475,2412.855741319443
2021-07-06,34169.39117361111,30985.559,31764.88,6432.6748002897475,2404.5103142361113
2021-07-07,34514.636013888885,31296.873,32094.818,6432.6748002897475,2419.817654513885
2021-07-08,33146.70740277778,30063.926,30791.238,6432.6748002897475,2355.469121527778
2021-07-09,33018.714868055555,29948.58,30671.209,6432.6748002897475,2347.5058836805547
2021-07-10,33759.039569444445,30615.754,31373.447,6432.6748002897475,2385.592303819445
2021-07-11,33676.579020833335,30541.443,31294.887,6432.6748002897475,2381.6923020833347
2021-07-12,33905.762291666666,30747.98,31513.318,6432.6748002897475,2392.443932291666
2021-07-13,32923.91425,29863.146,30582.355,6432.6748002897475,2341.5587812500016
2021-07-14,32436.599958333332,29423.98,30126.275,6432.6748002897475,2310.3245677083323
2021-07-15,32287.779756944445,29289.865,29987.215,6432.6748002897475,2300.5649131944447
2021-07-16,31752.422465277778,28807.406,29487.846,6432.6748002897475,2264.5767621527775
2021-07-17,31568.199312499997,28641.695,29316.318,6432.6748002897475,2251.880953124997
2021-07-18,31778.871020833336,28831.24,29512.482,6432.6748002897475,2266.388598958336
2021-07-19,31319.104326388886,28418.193,29084.648,6432.6748002897475,2234.455888888886
2021-07-20,30013.35388888889,27247.225,27875.148,6432.6748002897475,2138.2054513888907
2021-07-21,30837.98602777778,27986.578,28638.031,6432.6748002897475,2199.9547777777807
2021-07-22,32074.942791666665,29098.059,29788.525,6432.6748002897475,2286.4174010416646
2021-07-23,32402.346923611112,29393.111,30094.262,6432.6748002897475,2308.0852048611123
2021-07-24,33682.86611805556,30547.107,31300.873,6432.6748002897475,2381.9930711805573
2021-07-25,34286.48344444444,31091.105,31876.723,6432.6748002897475,2409.7607881944423
2021-07-26,37830.20711805556,34286.996,35290.7,6432.6748002897475,2539.5078993055577
2021-07-27,37545.197,34030.066,35014.074,6432.6748002897475,2531.12278125
2021-07-28,39628.03340277778,35907.664,37043.65,6432.6748002897475,2584.384965277779
2021-07-29,39898.34234722222,36151.34,37308.38,6432.6748002897475,2589.9634409722203
2021-07-30,39430.159819444445,35729.29,36850.047,6432.6748002897475,2580.112944444445
2021-07-31,41533.086375,37625.258,38915.754,6432.6748002897475,2617.332468749999
2021-08-01,41642.29233333333,37723.84,39023.52,6432.6748002897475,2618.772802083331
2021-08-02,39871.781375,36127.395,37282.355,6432.6748002897475,2589.4259062499987
2021-08-03,38613.10290277778,34992.746,36052.363,6432.6748002897475,2560.7396215277768
2021-08-04,38449.394895833335,34845.168,35892.875,6432.6748002897475,2556.519895833335
2021-08-05,39240.335458333335,35558.17,36664.473,6432.6748002897475,2575.862802083335
2021-08-06,41073.059055555554,37210.3,38462.344,6432.6748002897475,2610.7153055555536
2021-08-07,43336.71638194445,39260.8,40701.496,6432.6748002897475,2635.2202881944468
2021-08-08,44363.0555,40192.047,41723.21,6432.6748002897475,2639.844562500002
2021-08-09,44603.36710416667,40410.92,41963.008,6432.6748002897475,2640.3592916666676
2021-08-10,45659.38450694444,41376.266,43019.27,6432.6748002897475,2640.1149756944433
2021-08-11,46011.506604166665,41698.57,43372.375,6432.6748002897475,2639.131604166665
2021-08-12,45233.39801388889,40986.344,42592.703,6432.6748002897475,2640.6948888888874
2021-08-13,45665.76533333333,41382.105,43025.668,6432.6748002897475,2640.097364583329
2021-08-14,47241.0609375,42824.03,44608.77,6432.6748002897475,2632.2914062499985
2021-08-15,46447.07404166667,42097.27,43809.758,6432.6748002897475,2637.3162291666667
2021-08-16,47073.58002083334,42670.727,44440.047,6432.6748002897475,2633.5331458333385
2021-08-17,46167.7889375,41841.625,43529.23,6432.6748002897475,2638.5584687500013
2021-08-18,45155.22355555556,40914.785,42514.484,6432.6748002897475,2640.73918055556
2021-08-19,44922.01334027778,40701.53,42281.3,6432.6748002897475,2640.712559027779
2021-08-20,47379.510375,42950.758,44748.324,6432.6748002897475,2631.186156249998
2021-08-21,49022.78558333333,44454.91,46409.605,6432.6748002897475,2613.1801145833306
2021-08-22,48968.872111111115,44405.562,46354.96,6432.6748002897475,2613.9111736111154
2021-08-23,49778.10934722222,45146.29,47176.2,6432.6748002897475,2601.91012847222
2021-08-24,49128.98515972222,44552.12,46517.273,6432.6748002897475,2611.7117222222223
2021-08-25,48153.382048611114,43659.113,45529.54,6432.6748002897475,2623.8429861111144
2021-08-26,47640.828111111114,43189.953,45011.895,6432.6748002897475,2628.9335798611137
2021-08-27,47456.97017361111,43021.66,44826.426,6432.6748002897475,2630.544392361109
2021-08-28,48926.16602777778,44366.473,46311.676,6432.6748002897475,2614.4902465277773
2021-08-29,48638.46341666666,44103.12,46020.266,6432.6748002897475,2618.1977916666583
2021-08-30,48247.15290277778,43744.94,45624.344,6432.6748002897475,2622.8091527777797
2021-08-31,47472.87073611111,43036.215,44842.46,6432.6748002897475,2630.4097986111083
2021-09-01,47462.21348611111,43026.46,44831.715,6432.6748002897475,2630.4986423611117
2021-09-02,49482.051111111105,44875.297,46875.508,6432.6748002897475,2606.5432986111045
2021-09-03,49839.454000000005,45202.438,47238.535,6432.6748002897475,2600.918843750005
2021-09-04,50071.56850694445,45414.9,47474.527,6432.6748002897475,2597.0411631944517
2021-09-05,50129.07129861111,45467.54,47533.016,6432.6748002897475,2596.0556736111103
2021-09-06,51678.022180555556,46885.793,49112.44,6432.6748002897475,2565.5807743055557
2021-09-07,50887.93984027778,46162.16,48305.883,6432.6748002897475,2582.0570277777806
2021-09-08,46379.63875694445,42035.535,43741.996,6432.6748002897475,2637.6426631944487
2021-09-09,46399.51001388889,42053.734,43761.965,6432.6748002897475,2637.5451701388884
2021-09-10,46175.13086805556,41848.348,43536.598,6432.6748002897475,2638.5332118055594
2021-09-11,45328.78908333334,41073.66,42688.16,6432.6748002897475,2640.6289270833367
2021-09-12,45584.40744444444,41307.637,42944.145,6432.6748002897475,2640.2629131944414
2021-09-13,44905.680097222226,40686.637,42264.973,6432.6748002897475,2640.7074409722263
2021-09-14,45757.699263888884,41466.254,43117.816,6432.6748002897475,2639.882857638884
2021-09-15,47374.855423611116,42946.5,44743.63,6432.6748002897475,2631.226517361116
2021-09-16,47998.18498611111,43517.055,45372.71,6432.6748002897475,2625.4740486111114
2021-09-17,47646.74494444444,43195.37,45017.87,6432.6748002897475,2628.873850694443
2021-09-18,48101.645854166665,43611.758,45477.25,6432.6748002897475,2624.3958541666652
2021-09-19,47850.630520833336,43381.996,45223.68,6432.6748002897475,2626.950833333336
2021-09-20,45272.772874999995,41022.387,42632.1,6432.6748002897475,2640.671312499995
2021-09-21,42849.37694444444,38818.613,40217.746,6432.6748002897475,2631.6308506944406
2021-09-22,42177.625770833336,38209.105,39552.45,6432.6748002897475,2625.176552083336
2021-09-23,43893.39625,39765.902,41255.176,6432.6748002897475,2638.220468749998
2021-09-24,43444.38013888889,39358.484,40808.48,6432.6748002897475,2635.8996701388896
2021-09-25,42632.01228472222,38621.39,40002.28,6432.6748002897475,2629.731034722223
2021-09-26,42684.09129861111,38668.65,40053.887,6432.6748002897475,2630.204579861107
2021-09-27,43613.046972222226,39511.527,40976.188,6432.6748002897475,2636.859472222226
2021-09-28,42140.07884722222,38175.035,39515.316,6432.6748002897475,2624.7624409722193
2021-09-29,41905.97283333333,37962.62,39283.906,6432.6748002897475,2622.0665833333333
2021-09-30,42866.395416666666,38834.06,40234.625,6432.6748002897475,2631.7704166666663
2021-10-01,45323.825020833334,41069.11,42683.19,6432.6748002897475,2640.633614583334
2021-10-02,47859.30720138889,43389.934,45232.438,6432.6748002897475,2626.8697013888886
2021-10-03,48004.42795138889,43522.77,45379.02,6432.6748002897475,2625.4084201388905
2021-10-04,48026.310305555555,43542.8,45401.137,6432.6748002897475,2625.173586805555
2021-10-05,49679.45802777778,45055.984,47075.973,6432.6748002897475,2603.4853715277786
2021-10-06,52315.875895833335,47470.363,49764.965,6432.6748002897475,2550.9110520833347
2021-10-07,54551.83434722222,49519.88,52022.992,6432.6748002897475,2528.8421597222186
2021-10-08,54448.998923611114,49425.59,51919.87,6432.6748002897475,2529.127829861114
2021-10-09,54648.87947222222,49608.86,52120.324,6432.6748002897475,2528.555253472223
2021-10-10,55124.11414583334,50044.605,52597.355,6432.6748002897475,2526.758677083337
2021-10-11,56351.08753472222,51169.63,53830.48,6432.6748002897475,2520.6070659722172
2021-10-12,56862.655013888885,51638.695,54345.207,6432.6748002897475,2517.447982638885
2021-10-13,55804.792916666665,50668.73,53281.547,6432.6748002897475,2523.2460416666654
2021-10-14,57609.08361111111,52323.22,55097.38,6432.6748002897475,2511.704704861113
2021-10-15,59211.50909722222,53795.465,56716.55,6432.6748002897475,2494.958315972217
2021-10-16,61407.92379166667,55813.45,58945.117,6432.6748002897475,2462.806604166668
2021-10-17,60904.44022222223,55350.867,58433.375,6432.6748002897475,2471.065222222227
2021-10-18,61605.54761111111,55995.02,59146.133,6432.6748002897475,2459.414798611113
2021-10-19,62331.608791666666,56662.098,59885.305,6432.6748002897475,2446.3041041666656
2021-10-20,64657.24346527778,58801.125,62259.332,6432.6748002897475,2397.911434027781
2021-10-21,64881.583479166664,59007.863,62488.836,6432.6748002897475,2392.747541666664
2021-10-22,62503.193458333335,56819.746,60060.133,6432.6748002897475,2443.060645833335
2021-10-23,61030.931027777784,55467.082,58561.895,6432.6748002897475,2469.036496527784
2021-10-24,60743.43929166666,55202.94,58269.836,6432.6748002897475,2473.603354166662
2021-10-25,62291.39957638889,56625.156,59844.336,6432.6748002897475,2447.063638888889
2021-10-26,62592.23944444444,56901.56,60150.88,6432.6748002897475,2441.3605381944435
2021-10-27,59905.91097222222,54433.457,57420.016,6432.6748002897475,2485.89534722222
2021-10-28,59894.24609027778,54422.74,57408.184,6432.6748002897475,2486.062496527782
2021-10-29,61355.603993055556,55765.387,58891.92,6432.6748002897475,2463.682118055556
2021-10-30,61739.53529861111,56118.125,59282.46,6432.6748002897475,2457.07436111111
2021-10-31,61182.72315277778,55606.54,58716.16,6432.6748002897475,2466.5629965277767
2021-11-01,61342.659715277776,55753.49,58878.76,6432.6748002897475,2463.897996527776
2021-11-02,62196.40323611111,56537.875,59747.58,6432.6748002897475,2448.8251111111094
2021-11-03,62884.313965277775,57169.906,60448.664,6432.6748002897475,2435.6499027777754
2021-11-04,62125.31994444445,56472.57,59675.188,6432.6748002897475,2450.132444444447
2021-11-05,61580.62245833334,55972.12,59120.77,6432.6748002897475,2459.8529270833387
2021-11-06,60939.042555555556,55382.664,58468.523,6432.6748002897475,2470.5191180555557
2021-11-07,61888.40123611111,56254.89,59433.965,6432.6748002897475,2454.436392361109
2021-11-08,65045.46881944444,59158.887,62656.547,6432.6748002897475,2388.921944444439
2021-11-09,67375.51404166667,61306.07,65045.668,6432.6748002897475,2329.846072916669
2021-11-10,67163.42233333334,61110.625,64827.85,6432.6748002897475,2335.5707708333357
2021-11-11,65071.87265277778,59183.22,62683.57,6432.6748002897475,2388.3023402777835
2021-11-12,64398.740256944446,58562.914,61994.99,6432.6748002897475,2403.7519756944457
2021-11-13,64014.04913888889,58208.406,61601.816,6432.6748002897475,2412.2327326388913
2021-11-14,64450.89715972222,58610.977,62048.316,6432.6748002897475,2402.580753472219
2021-11-15,65208.7555,59309.355,62823.69,6432.6748002897475,2385.0640937499993
2021-11-16,61555.810597222226,55949.324,59095.535,6432.6748002897475,2460.2754409722256
2021-11-17,59926.58384027778,54452.445,57440.973,6432.6748002897475,2485.611184027781
2021-11-18,59546.29041666667,54103.055,57055.57,6432.6748002897475,2490.7201041666704
2021-11-19,57161.69075,51912.883,54646.38,6432.6748002897475,2515.3118437500016
2021-11-20,58376.595875,53028.383,55872.176,6432.6748002897475,2504.420093749999
2021-11-21,59211.57545138889,53795.527,56716.613,6432.6748002897475,2494.9621701388896
2021-11-22,58023.15456249999,52703.645,55515.21,6432.6748002897475,2507.9436249999926
2021-11-23,56647.88761111111,51441.777,54129.035,6432.6748002897475,2518.8524548611094
2021-11-24,56869.972604166665,51645.406,54352.566,6432.6748002897475,2517.4061979166654
2021-11-25,57892.425729166665,52583.54,55383.25,6432.6748002897475,2509.1757291666654
2021-11-26,56671.5190625,51463.44,54152.816,6432.6748002897475,2518.702656250003
2021-11-27,54587.526430555554,49552.6,52058.78,6432.6748002897475,2528.745180555554
2021-11-28,54421.86236111111,49400.707,51892.66,6432.6748002897475,2529.2022048611107
2021-11-29,57106.66601388889,51862.43,54590.945,6432.6748002897475,2515.720701388891
2021-11-30,57518.17006944445,52239.746,55005.69,6432.6748002897475,2512.4786631944517
2021-12-01,57482.25759722222,52206.816,54969.477,6432.6748002897475,2512.7810347222185
2021-12-02,56762.63394444444,51546.984,54244.51,6432.6748002897475,2518.1222256944384
2021-12-03,56526.574840277775,51330.54,54006.98,6432.6748002897475,2519.5943715277754
2021-12-04,49997.43408333333,45347.043,47399.137,6432.6748002897475,2598.2973645833335
2021-12-05,49169.958409722225,44589.62,46558.832,6432.6748002897475,2611.126378472225
2021-12-06,48696.734208333335,44156.46,46079.26,6432.6748002897475,2617.472489583335
2021-12-07,50852.369090277774,46129.598,48269.62,6432.6748002897475,2582.7479965277744
2021-12-08,50333.298937499996,45654.473,47740.836,6432.6748002897475,2592.462999999996
2021-12-09,49651.810041666664,45030.68,47047.88,6432.6748002897475,2603.931135416664
2021-12-10,48228.51231944444,43727.883,45605.496,6432.6748002897475,2623.0162256944386
2021-12-11,48324.11334027777,43815.387,45702.17,6432.6748002897475,2621.9414652777705
2021-12-12,49290.468638888895,44699.93,46681.074,6432.6748002897475,2609.394420138895
2021-12-13,48936.48694444445,44375.918,46322.133,6432.6748002897475,2614.3541319444485
2021-12-14,46988.148159722215,42592.527,44354.02,6432.6748002897475,2634.1286284722155
2021-12-15,47909.108965277774,43435.52,45282.727,6432.6748002897475,2626.3824027777737
2021-12-16,48807.046312499995,44257.438,46190.99,6432.6748002897475,2616.058031249995
2021-12-17,47365.465562499994,42937.902,44734.16,6432.6748002897475,2631.305406249994
2021-12-18,46585.63563888889,42224.098,43949.04,6432.6748002897475,2636.596576388889
2021-12-19,47177.63227777778,42765.973,44544.86,6432.6748002897475,2632.7729027777823
2021-12-20,46437.33754861111,42088.35,43799.973,6432.6748002897475,2637.364892361111
2021-12-21,48023.14738888889,43539.906,45397.93,6432.6748002897475,2625.217701388887
2021-12-22,48981.99978472222,44417.58,46368.266,6432.6748002897475,2613.7341597222185
2021-12-23,48698.75847916666,44158.316,46081.312,6432.6748002897475,2617.4459791666595
2021-12-24,51022.6905625,46285.496,48443.31,6432.6748002897475,2579.38196875
2021-12-25,50902.71604166666,46175.684,48320.957,6432.6748002897475,2581.7590104166593
2021-12-26,50228.709465277774,45558.734,47634.39,6432.6748002897475,2594.318840277774
2021-12-27,50966.61493055556,46234.164,48386.113,6432.6748002897475,2580.501649305559
2021-12-28,49600.50894444444,44983.723,46995.773,6432.6748002897475,2604.7355069444384
2021-12-29,47690.94971527778,43235.836,45062.477,6432.6748002897475,2628.4731527777767
2021-12-30,47072.30130555555,42669.56,44438.76,6432.6748002897475,2633.5395868055493
2021-12-31,47531.92729166667,43090.27,44902.023,6432.6748002897475,2629.903854166667
2022-01-01,46873.902395833335,42487.957,44239.02,6432.6748002897475,2634.8828645833346
2022-01-02,47315.46597916667,42892.137,44683.758,6432.6748002897475,2631.708166666671
2022-01-03,47009.83663194445,42612.383,44375.855,6432.6748002897475,2633.9811631944467
2022-01-04,46455.647465277776,42105.113,43818.37,6432.6748002897475,2637.276371527776
2022-01-05,46300.825520833336,41963.402,43662.83,6432.6748002897475,2637.9973958333358
2022-01-06,43278.916590277775,39208.36,40644.074,6432.6748002897475,2634.842371527775
2022-01-07,42311.30718055556,38330.402,39684.71,6432.6748002897475,2626.596243055559
2022-01-08,41778.78934722222,37847.223,39158.28,6432.6748002897475,2620.5080972222204
2022-01-09,41722.1000625,37795.887,39102.305,6432.6748002897475,2619.7953750000015
2022-01-10,41763.086500000005,37832.97,39142.77,6432.6748002897475,2620.316968750005
2022-01-11,41976.982284722224,38027.047,39354.08,6432.6748002897475,2622.904159722224
2022-01-12,42987.85952777778,38944.266,40355.117,6432.6748002897475,2632.7423402777786
2022-01-13,43679.544291666665,39571.867,41042.34,6432.6748002897475,2637.2044479166652
2022-01-14,42661.39373611111,38648.047,40031.395,6432.6748002897475,2629.9992048611093
2022-01-15,43108.71020833334,39053.92,40475.055,6432.6748002897475,2633.6555208333375
2022-01-16,43187.42070138889,39125.34,40553.2,6432.6748002897475,2634.221482638888
2022-01-17,42755.16710416667,38733.133,40124.34,6432.6748002897475,2630.8272604166705
2022-01-18,41948.77828472222,38001.46,39326.203,6432.6748002897475,2622.575159722219
2022-01-19,41978.395645833334,38028.332,39355.477,6432.6748002897475,2622.919083333334
2022-01-20,42177.40664583333,38208.902,39552.23,6432.6748002897475,2625.1761770833327
2022-01-21,39625.96338888889,35905.8,37041.617,6432.6748002897475,2584.346201388893
2022-01-22,36007.9496875,32643.645,33528.164,6432.6748002897475,2479.785624999997
2022-01-23,35352.420354166665,32052.445,32897.72,6432.6748002897475,2454.7016041666648
2022-01-24,34880.33321527777,31626.686,32444.895,6432.6748002897475,2435.438684027773
2022-01-25,36444.89836111111,33037.727,33949.46,6432.6748002897475,2495.4374236111107
2022-01-26,37483.84891666666,33974.76,34954.58,6432.6748002897475,2529.2707916666623
2022-01-27,36525.1578125,33110.117,34026.938,6432.6748002897475,2498.2203125000015
2022-01-28,36791.01811111111,33349.906,34283.785,6432.6748002897475,2507.2329548611087
2022-01-29,37719.89304166666,34187.55,35183.59,6432.6748002897475,2536.3031979166626
2022-01-30,38059.44709027778,34493.645,35513.45,6432.6748002897475,2545.997871527783
2022-01-31,37419.290506944446,33916.566,34891.984,6432.6748002897475,2527.306131944446
2022-02-01,38544.328875,34930.746,35985.344,6432.6748002897475,2558.9851249999992
2022-02-02,38355.14605555555,34760.207,35801.11,6432.6748002897475,2554.036680555553
2022-02-03,36917.102458333335,33463.63,34405.7,6432.6748002897475,2511.4032395833347
2022-02-04,37883.618729166665,34335.14,35342.58,6432.6748002897475,2541.0406041666647
2022-02-05,41339.67903472223,37450.66,38725.027,6432.6748002897475,2614.651690972227
2022-02-06,41592.447687500004,37678.84,38974.33,6432.6748002897475,2618.1195625000037
2022-02-07,42645.57357638889,38633.69,40015.71,6432.6748002897475,2629.862638888888
2022-02-08,43945.989631944445,39813.617,41307.543,6432.6748002897475,2638.446663194445
2022-02-09,43811.627125,39691.707,41173.773,6432.6748002897475,2637.853687499999
2022-02-10,44447.36638194445,40268.637,41807.316,6432.6748002897475,2640.049975694448
2022-02-11,43533.90023611111,39439.715,40897.48,6432.6748002897475,2636.4197673611125
2022-02-12,42369.496013888885,38383.195,39742.3,6432.6748002897475,2627.1952326388855
2022-02-13,42385.44725,38397.664,39758.086,6432.6748002897475,2627.3613124999974
2022-02-14,42223.205263888885,38250.453,39597.535,6432.6748002897475,2625.6701076388854
2022-02-15,43528.5780625,39434.89,40892.188,6432.6748002897475,2636.390562499997
2022-02-16,44022.564145833334,39883.105,41383.816,6432.6748002897475,2638.747739583334
2022-02-17,43350.873583333334,39273.65,40715.562,6432.6748002897475,2635.311083333334
2022-02-18,40578.11604861111,36764.125,37975.465,6432.6748002897475,2602.651204861111
2022-02-19,40092.986437499996,36326.8,37499.195,6432.6748002897475,2593.791124999996
2022-02-20,39102.19105555555,35433.637,36529.516,6432.6748002897475,2572.6754305555514
2022-02-21,38641.597083333334,35018.434,36080.137,6432.6748002897475,2561.460364583334
2022-02-22,37372.44288888889,33874.316,34846.574,6432.6748002897475,2525.868670138887
2022-02-23,38318.5793125,34727.246,35765.516,6432.6748002897475,2553.063687499998
2022-02-24,36047.987680555554,32679.756,33566.734,6432.6748002897475,2481.253305555554
2022-02-25,38628.816326388885,35006.91,36067.684,6432.6748002897475,2561.1327326388855
2022-02-26,39183.61980555556,35507.043,36609.06,6432.6748002897475,2574.561211805558
2022-02-27,39026.648680555554,35365.543,36455.75,6432.6748002897475,2570.898680555554
2022-02-28,38534.072875,34921.504,35975.35,6432.6748002897475,2558.721312499998
2022-03-01,43253.904965277776,39185.66,40619.23,6432.6748002897475,2634.674496527776
2022-03-02,44097.794875,39951.363,41458.76,6432.6748002897475,2639.0331562499996
2022-03-03,43463.02818055556,39375.41,40827.023,6432.6748002897475,2636.004743055557
2022-03-04,41539.12193055556,37630.7,38921.715,6432.6748002897475,2617.407086805557
2022-03-05,39167.31454166667,35492.344,36593.12,6432.6748002897475,2574.1934479166666
2022-03-06,39152.00722222222,35478.547,36578.176,6432.6748002897475,2573.8314409722225
2022-03-07,38466.142715277776,34860.26,35909.184,6432.6748002897475,2556.959121527776
2022-03-08,38486.27424305555,34878.414,35928.79,6432.6748002897475,2557.485180555552
2022-03-09,40855.043256944446,37013.77,38247.758,6432.6748002897475,2607.2854444444456
2022-03-10,40164.33002777778,36391.117,37569.176,6432.6748002897475,2595.1542465277817
2022-03-11,39095.376124999995,35427.496,36522.86,6432.6748002897475,2572.516749999995
2022-03-12,39053.786041666666,35390.004,36482.246,6432.6748002897475,2571.5399479166663
2022-03-13,39008.19564583333,35348.902,36437.734,6432.6748002897475,2570.4612708333298
2022-03-14,38633.209104166664,35010.867,36071.957,6432.6748002897475,2561.2520729166645
2022-03-15,38945.58204166667,35292.457,36376.617,6432.6748002897475,2568.9648541666684
2022-03-16,39976.315631944446,36221.633,37384.805,6432.6748002897475,2591.510944444446
2022-03-17,40957.36690972222,37106.008,38348.45,6432.6748002897475,2608.9176909722228
2022-03-18,40818.31392361111,36980.66,38211.625,6432.6748002897475,2606.688923611109
2022-03-19,41828.03493055555,37891.902,39206.914,6432.6748002897475,2621.12086805555
2022-03-20,41776.422437500005,37845.07,39155.938,6432.6748002897475,2620.484937500005
2022-03-21,41145.50470138889,37275.598,38533.688,6432.6748002897475,2611.8172013888907
2022-03-22,42238.70459722222,38264.52,39612.867,6432.6748002897475,2625.8374097222186
2022-03-23,42288.271847222226,38309.496,39661.914,6432.6748002897475,2626.357784722226
2022-03-24,43103.664465277776,39049.344,40470.043,6432.6748002897475,2633.621496527776
2022-03-25,44221.2871875,40063.41,41581.84,6432.6748002897475,2639.4473437499983
2022-03-26,44402.27215972222,40227.63,41762.324,6432.6748002897475,2639.947940972219
2022-03-27,44675.2123125,40476.438,42034.74,6432.6748002897475,2640.47403125
2022-03-28,47088.622,42684.496,44455.195,6432.6748002897475,2633.426687500003
2022-03-29,47610.93552777777,43162.594,44981.734,6432.6748002897475,2629.201152777772
2022-03-30,47307.033229166664,42884.418,44675.26,6432.6748002897475,2631.7715104166637
2022-03-31,46907.64399305555,42518.84,44272.98,6432.6748002897475,2634.66352430555
2022-04-01,45456.617722222225,41190.668,42816.14,6432.6748002897475,2640.477097222225
2022-04-02,46487.94736805555,42134.676,43850.836,6432.6748002897475,2637.111430555553
2022-04-03,46254.50596527778,41921.004,43616.305,6432.6748002897475,2638.201277777778
2022-04-04,46089.79602083334,41770.234,43450.94,6432.6748002897475,2638.854614583339
2022-04-05,46444.181333333334,42094.62,43806.855,6432.6748002897475,2637.325864583334
2022-04-06,44977.85413194445,40752.46,42337.113,6432.6748002897475,2640.7408506944485
2022-04-07,43494.59771527778,39404.055,40858.402,6432.6748002897475,2636.1953715277778
2022-04-08,43469.03438888889,39380.86,40832.99,6432.6748002897475,2636.046107638889
2022-04-09,42466.471722222224,38471.188,39838.305,6432.6748002897475,2628.1670347222243
2022-04-10,42729.6474375,38709.977,40099.043,6432.6748002897475,2630.6044687500034
2022-04-11,41724.46757638889,37798.02,39104.637,6432.6748002897475,2619.830857638888
2022-04-12,39948.27120833333,36196.344,37357.31,6432.6748002897475,2590.9626145833317
2022-04-13,40230.870993055556,36451.098,37634.46,6432.6748002897475,2596.410055555556
2022-04-14,40919.36727083333,37071.758,38311.047,6432.6748002897475,2608.3203958333324
2022-04-15,40148.75038888889,36377.07,37553.895,6432.6748002897475,2594.8558576388896
2022-04-16,40405.732131944445,36608.73,37806.113,6432.6748002897475,2599.6188506944454
2022-04-17,40358.682034722224,36566.316,37759.918,6432.6748002897475,2598.7640659722238
2022-04-18,39556.095395833334,35842.816,36973.246,6432.6748002897475,2582.849302083334
2022-04-19,40967.68438888889,37115.312,38358.6,6432.6748002897475,2609.0828263888907
2022-04-20,41459.37086111111,37558.71,38843.047,6432.6748002897475,2616.323986111107
2022-04-21,41829.87663194445,37893.574,39208.734,6432.6748002897475,2621.1422569444476
2022-04-22,40317.2199375,36528.945,37719.215,6432.6748002897475,2598.005093749998
2022-04-23,39655.66715972222,35932.58,37070.695,6432.6748002897475,2584.971847222223
2022-04-24,39678.01238888889,35952.72,37092.57,6432.6748002897475,2585.442076388892
2022-04-25,39123.982104166666,35453.28,36550.797,6432.6748002897475,2573.1852291666655
2022-04-26,40015.2725,36256.742,37422.99,6432.6748002897475,2592.284218749999
2022-04-27,38661.65232638889,35036.51,36099.68,6432.6748002897475,2561.9726388888885
2022-04-28,39511.48660416667,35802.6,36929.594,6432.6748002897475,2581.8928541666683
2022-04-29,39296.83572916667,35609.1,36719.69,6432.6748002897475,2577.144322916669
2022-04-30,38569.40538888889,34953.35,36009.785,6432.6748002897475,2559.6202326388884
2022-05-01,38063.418125000004,34497.223,35517.31,6432.6748002897475,2546.109531250004
2022-05-02,38629.27227083333,35007.316,36068.117,6432.6748002897475,2561.1550833333313
2022-05-03,38389.30831944444,34791.004,35834.367,6432.6748002897475,2554.9411319444407
2022-05-04,38482.30363194444,34874.836,35924.926,6432.6748002897475,2557.3778506944436
2022-05-05,38979.23771527778,35322.8,36409.47,6432.6748002897475,2569.768965277777
2022-05-06,36212.75976388889,32828.36,33725.535,6432.6748002897475,2487.224607638891
2022-05-07,35945.886277777776,32587.676,33468.395,6432.6748002897475,2477.491746527776
2022-05-08,34739.31756944444,31499.504,32309.828,6432.6748002897475,2429.4894444444435
2022-05-09,33191.20177083333,30104.023,30833.078,6432.6748002897475,2358.1236458333296
2022-05-10,31361.43357638889,28456.174,29123.996,6432.6748002897475,2237.4374826388885
2022-05-11,30874.3509375,28019.186,28671.752,6432.6748002897475,2202.5989843749994
2022-05-12,28382.420833333334,25784.955,26376.195,6432.6748002897475,2006.2255208333336
2022-05-13,29929.819569444444,27172.332,27798.055,6432.6748002897475,2131.764881944444
2022-05-14,29373.182694444444,26673.258,27285.205,6432.6748002897475,2087.9776163194438
2022-05-15,29871.332590277776,27119.893,27744.092,6432.6748002897475,2127.240793402776
2022-05-16,30125.748111111112,27347.996,27978.93,6432.6748002897475,2146.818423611112
2022-05-17,30193.391,27408.645,28041.42,6432.6748002897475,2151.9710781249996
2022-05-18,29785.238749999997,27042.7,27664.7,6432.6748002897475,2120.539531249997
2022-05-19,29348.633548611113,26651.246,27262.625,6432.6748002897475,2086.008548611113
2022-05-20,29943.141062500003,27184.273,27810.344,6432.6748002897475,2132.7973125000026
2022-05-21,29286.051993055553,26595.137,27205.07,6432.6748002897475,2080.981680555553
2022-05-22,29645.593569444445,26917.5,27535.998,6432.6748002897475,2109.595522569445
2022-05-23,30218.709555555553,27431.344,28064.812,6432.6748002897475,2153.8970555555534
2022-05-24,29240.872229166664,26554.633,27163.53,6432.6748002897475,2077.3429322916636
2022-05-25,29700.655631944443,26966.863,27586.729,6432.6748002897475,2113.9271163194426
2022-05-26,29463.494090277778,26754.229,27368.31,6432.6748002897475,2095.183543402778
2022-05-27,28985.737875,26325.88,26929.146,6432.6748002897475,2056.591390624999
2022-05-28,28832.772777777776,26188.734,26788.781,6432.6748002897475,2043.9915277777764
2022-05-29,29079.529465277777,26409.973,27015.271,6432.6748002897475,2064.2579809027775
2022-05-30,30229.719125,27441.215,28074.988,6432.6748002897475,2154.7308437499996
2022-05-31,31652.191458333335,28717.074,29394.5,6432.6748002897475,2257.6914583333346
2022-06-01,31393.537611111107,28484.98,29153.842,6432.6748002897475,2239.6958142361073
2022-06-02,29919.853611111113,27163.395,27788.854,6432.6748002897475,2131.0000954861134
2022-06-03,30083.777027777778,27310.365,27940.164,6432.6748002897475,2143.612965277778
2022-06-04,29671.35302777778,26940.594,27559.73,6432.6748002897475,2111.622559027779
2022-06-05,29771.778527777777,27030.633,27652.285,6432.6748002897475,2119.4933715277766
2022-06-06,30993.99306944445,28126.486,28782.732,6432.6748002897475,2211.2606475694483
2022-06-07,30022.453659722225,27255.385,27883.541,6432.6748002897475,2138.912644097225
2022-06-08,30617.801,27789.166,28434.012,6432.6748002897475,2183.7892812499995
2022-06-09,30262.99125,27471.045,28105.742,6432.6748002897475,2157.249062499999
2022-06-10,29790.116444444444,27047.076,27669.197,6432.6748002897475,2120.919178819444
2022-06-11,28953.02234722222,26296.549,26899.117,6432.6748002897475,2053.9051597222206
2022-06-12,27820.746388888885,25282.713,25863.057,6432.6748002897475,1957.6897482638851
2022-06-13,24930.0544375,22710.475,23247.805,6432.6748002897475,1682.249749999999
2022-06-14,22358.27563888889,20448.037,20958.244,6432.6748002897475,1400.0314982638884
2022-06-15,21284.009493055557,19526.355,20012.543,6432.6748002897475,1271.466524305557
2022-06-16,21675.83842361111,19860.496,20356.738,6432.6748002897475,1319.1001423611087
2022-06-17,20694.931111111113,19025.049,19496.684,6432.6748002897475,1198.2475173611128
2022-06-18,19661.73045833333,18166.121,18596.613,6432.6748002897475,1065.1171770833316
2022-06-19,18959.991374999998,17593.506,17988.746,6432.6748002897475,971.2452812499978
2022-06-20,20302.44598611111,18695.994,19154.06,6432.6748002897475,1148.38543923611
2022-06-21,20926.216965277777,19221.314,19698.99,6432.6748002897475,1227.2267309027775
2022-06-22,20438.302631944443,18809.605,19272.56,6432.6748002897475,1165.7420850694434
2022-06-23,20373.687291666665,18755.518,19216.188,6432.6748002897475,1157.4997916666653
2022-06-24,21023.888166666668,19304.547,19784.514,6432.6748002897475,1239.3744947916675
2022-06-25,21250.369645833332,19497.664,19983.033,6432.6748002897475,1267.3364427083325
2022-06-26,21387.202548611112,19614.31,20103.111,6432.6748002897475,1284.0912204861124
2022-06-27,21109.752069444447,19377.734,19859.744,6432.6748002897475,1250.0079288194465
2022-06-28,20782.72535416667,19099.04,19573.443,6432.6748002897475,1209.2819947916687
2022-06-29,20149.23216666667,18568.451,19020.549,6432.6748002897475,1128.6833385416685
2022-06-30,19547.0185625,18071.92,18497.055,6432.6748002897475,1049.9638750000013
2022-07-01,19447.58190277778,17990.264,18410.814,6432.6748002897475,1036.7674496527798
2022-07-02,19241.162486111112,17821.371,18231.967,6432.6748002897475,1009.1956892361122
2022-07-03,19142.378229166665,17741.164,18146.465,6432.6748002897475,995.9133854166648
2022-07-04,19405.637319444442,17955.82,18374.451,6432.6748002897475,1031.1861475694423
2022-07-05,19920.43666666667,18378.652,18821.418,6432.6748002897475,1099.0186979166683
2022-07-06,20163.297631944446,18580.162,19032.799,6432.6748002897475,1130.498803819446
2022-07-07,20580.02904166667,18928.547,19396.291,6432.6748002897475,1183.7380260416685
2022-07-08,21722.95963888889,19900.701,20398.19,6432.6748002897475,1324.7701857638895
2022-07-09,21648.08979861111,19836.82,20332.334,6432.6748002897475,1315.7558142361086
2022-07-10,21257.740625,19503.951,19989.496,6432.6748002897475,1268.2445312499985
2022-07-11,20583.03863888889,18931.072,19398.918,6432.6748002897475,1184.120670138891
2022-07-12,19885.735305555554,18350.121,18791.244,6432.6748002897475,1094.491164930554
2022-07-13,19533.259409722225,18060.621,18485.117,6432.6748002897475,1048.1422222222245
2022-07-14,20059.134659722222,18493.453,18942.098,6432.6748002897475,1117.0370034722218
2022-07-15,20720.350993055556,19046.445,19518.904,6432.6748002897475,1201.4466961805556
2022-07-16,20829.895354166667,19139.234,19614.701,6432.6748002897475,1215.194182291667
2022-07-17,21256.820354166666,19503.166,19988.691,6432.6748002897475,1268.1289479166662
2022-07-18,21695.466645833334,19877.244,20374.004,6432.6748002897475,1321.462739583334
2022-07-19,22255.98027777778,20359.717,20867.918,6432.6748002897475,1388.0623090277804
2022-07-20,23583.019381944443,21515.533,22044.137,6432.6748002897475,1538.882663194443
2022-07-21,22976.18275,20986.16,21505.076,6432.6748002897475,1471.106578125
2022-07-22,23219.217430555556,21197.959,21720.725,6432.6748002897475,1498.4928211805563
2022-07-23,22571.84520138889,20633.91,21147.014,6432.6748002897475,1424.831529513889
2022-07-24,22590.340868055555,20650.016,21163.373,6432.6748002897475,1426.967821180555
2022-07-25,22096.394652777777,20221.932,20727.117,6432.6748002897475,1369.277465277777
2022-07-26,21178.70126388889,19436.537,19920.178,6432.6748002897475,1258.5235295138882
2022-07-27,21368.885055555555,19598.703,20087.03,6432.6748002897475,1281.8557586805546
2022-07-28,23129.02411111111,21119.357,21640.658,6432.6748002897475,1488.36590798611
2022-07-29,23893.625958333334,21788.898,22320.82,6432.6748002897475,1572.805645833334
2022-07-30,24059.261916666663,21935.814,22468.584,6432.6748002897475,1590.6779322916627
2022-07-31,23771.4133125,21681.32,22211.895,6432.6748002897475,1559.5187812500008
2022-08-01,23308.541520833332,21275.807,21800.066,6432.6748002897475,1508.4751145833325
2022-08-02,22986.188597222223,20994.883,21513.947,6432.6748002897475,1472.2413315972226
2022-08-03,23164.481,21150.26,21672.133,6432.6748002897475,1492.3481874999998
2022-08-04,22953.272277777778,20966.193,21484.766,6432.6748002897475,1468.506652777778
2022-08-05,22983.184409722224,20992.264,21511.283,6432.6748002897475,1471.9012065972238
2022-08-06,23192.480625,21174.66,21696.988,6432.6748002897475,1495.4923437500001
2022-08-07,23068.03202777778,21066.207,21586.537,6432.6748002897475,1481.4949184027791
2022-08-08,23695.915375,21614.863,22144.643,6432.6748002897475,1551.2727968750005
2022-08-09,23557.251444444442,21492.906,22021.205,6432.6748002897475,1536.0463663194423
2022-08-10,23300.269930555554,21268.6,21792.719,6432.6748002897475,1507.5511805555543
2022-08-11,24340.40763888889,22185.49,22719.719,6432.6748002897475,1620.6888888888898
2022-08-12,23975.72152777778,21861.658,22394.041,6432.6748002897475,1581.6805121527796
2022-08-13,24497.34236111111,22324.95,22860.088,6432.6748002897475,1637.2544704861102
2022-08-14,24538.109722222223,22361.24,22896.57,6432.6748002897475,1641.5394097222234
2022-08-15,24314.691666666666,22162.639,22696.732,6432.6748002897475,1617.9592447916657
2022-08-16,23998.379861111112,21881.77,22414.252,6432.6748002897475,1584.1279079861124
2022-08-17,23797.738194444446,21704.494,22235.35,6432.6748002897475,1562.388585069446
2022-08-18,23417.995138888888,21371.193,21897.344,6432.6748002897475,1520.6513888888876
2022-08-19,22209.094444444443,20319.234,20826.535,6432.6748002897475,1382.559288194443
2022-08-20,21186.908333333333,19443.54,19927.377,6432.6748002897475,1259.5313802083328
2022-08-21,21297.630555555555,19537.97,20024.494,6432.6748002897475,1273.1364149305555
2022-08-22,21330.91736111111,19566.348,20053.703,6432.6748002897475,1277.214236111111
2022-08-23,21335.68472222222,19570.41,20057.887,6432.6748002897475,1277.7980034722204
2022-08-24,21458.916666666668,19675.424,20166.084,6432.6748002897475,1292.8326822916679
2022-08-25,21602.616666666665,19798.02,20292.354,6432.6748002897475,1310.263151041665
2022-08-26,21334.28402777778,19569.219,20056.658,6432.6748002897475,1277.6258246527796
2022-08-27,20219.997916666667,18627.361,19082.2,6432.6748002897475,1137.7986979166672
2022-08-28,20008.766666666666,18451.523,18898.26,6432.6748002897475,1110.5069010416664
2022-08-29,19935.77986111111,18391.266,18834.762,6432.6748002897475,1101.0181423611102
2022-08-30,20191.32986111111,18603.498,19057.22,6432.6748002897475,1134.1091579861095
2022-08-31,20162.825,18579.77,19032.389,6432.6748002897475,1130.4363281250007
2022-09-01,19984.87222222222,18431.633,18877.469,6432.6748002897475,1107.4034722222204
2022-09-02,20109.864583333332,18535.682,18986.262,6432.6748002897475,1123.6028645833321
2022-09-03,19875.0375,18341.324,18781.941,6432.6748002897475,1093.0960937499985
2022-09-04,19784.589583333334,18267.012,18703.326,6432.6748002897475,1081.2634114583343
2022-09-05,19812.834722222222,18290.207,18727.871,6432.6748002897475,1084.963628472222
2022-09-06,19741.56875,18231.684,18665.95,6432.6748002897475,1075.6195312499985
2022-09-07,18840.49375,17497.324,17885.512,6432.6748002897475,954.9820312500015
2022-09-08,19255.395833333332,17832.97,18244.293,6432.6748002897475,1011.1028645833321
2022-09-09,20407.31111111111,18783.664,19245.52,6432.6748002897475,1161.7915798611102
2022-09-10,21341.861805555556,19575.676,20063.309,6432.6748002897475,1278.5532118055562
2022-09-11,21605.265277777777,19800.28,20294.682,6432.6748002897475,1310.5836371527766
2022-09-12,22010.211805555555,20147.617,20651.135,6432.6748002897475,1359.0770399305547
2022-09-13,21891.933333333334,20045.652,20546.926,6432.6748002897475,1345.0075520833343
2022-09-14,20236.24027777778,18640.883,19096.354,6432.6748002897475,1139.8867621527788
2022-09-15,20043.72013888889,18480.621,18928.68,6432.6748002897475,1115.0404513888898
2022-09-16,19714.28263888889,18209.277,18642.248,6432.6748002897475,1072.0345920138898
2022-09-17,19891.777777777777,18355.088,18796.496,6432.6748002897475,1095.2816840277774
2022-09-18,19951.138194444444,18403.896,18848.123,6432.6748002897475,1103.0151475694438
2022-09-19,19004.841666666667,17629.732,18027.512,6432.6748002897475,977.3299479166672
2022-09-20,19279.254166666666,17852.412,18264.951,6432.6748002897475,1014.3029947916657
2022-09-21,19064.906944444443,17678.396,18079.45,6432.6748002897475,985.4577256944431
2022-09-22,18861.442361111112,17514.186,17903.605,6432.6748002897475,957.8368923611124
2022-09-23,19098.539583333335,17705.645,18108.537,6432.6748002897475,990.002473958335
2022-09-24,19091.772222222222,17700.162,18102.684,6432.6748002897475,989.0886284722219
2022-09-25,19005.429166666665,17630.207,18028.023,6432.6748002897475,977.405729166665
2022-09-26,18965.989583333332,17598.334,17993.93,6432.6748002897475,972.0598958333321
2022-09-27,19752.82013888889,18240.922,18675.72,6432.6748002897475,1077.0994357638883
2022-09-28,19036.99375,17655.781,18055.31,6432.6748002897475,981.6832031250015
2022-09-29,19408.15763888889,17957.893,18376.639,6432.6748002897475,1031.5189670138898
2022-09-30,19539.352083333335,18065.627,18490.402,6432.6748002897475,1048.949739583335
2022-10-01,19345.756944444445,17906.7,18322.56,6432.6748002897475,1023.1963975694453
2022-10-02,19250.713194444445,17829.156,18240.238,6432.6748002897475,1010.4749131944445
2022-10-03,19248.62361111111,17827.451,18238.426,6432.6748002897475,1010.1978298611102
2022-10-04,19819.894444444446,18296.004,18734.008,6432.6748002897475,1085.886631944446
2022-10-05,20159.870138888888,18577.309,19029.816,6432.6748002897475,1130.0537326388876
2022-10-06,20174.02013888889,18589.09,19042.14,6432.6748002897475,1131.879513888889
2022-10-07,19836.90625,18309.975,18748.793,6432.6748002897475,1088.11328125
2022-10-08,19517.524305555555,18047.701,18471.469,6432.6748002897475,1046.0555555555547
2022-10-09,19438.329166666666,17982.666,18402.791,6432.6748002897475,1035.5381510416664
2022-10-10,19367.556944444445,17924.523,18341.45,6432.6748002897475,1026.1077256944445
2022-10-11,19095.364583333332,17703.074,18105.791,6432.6748002897475,989.5735677083321
2022-10-12,19095.26111111111,17702.988,18105.7,6432.6748002897475,989.561892361111
2022-10-13,18990.916666666668,17618.451,18015.475,6432.6748002897475,975.4420572916679
2022-10-14,19557.12638888889,18080.223,18505.824,6432.6748002897475,1051.3021701388898
2022-10-15,19156.14861111111,17752.32,18158.38,6432.6748002897475,997.7677517361117
2022-10-16,19130.958333333332,17731.91,18136.586,6432.6748002897475,994.3723958333321
2022-10-17,19358.522916666665,17917.125,18333.623,6432.6748002897475,1024.899869791665
2022-10-18,19512.38611111111,18043.482,18467.012,6432.6748002897475,1045.374392361111
2022-10-19,19237.90763888889,17818.72,18229.15,6432.6748002897475,1008.7572482638898
2022-10-20,19142.432638888888,17741.207,18146.512,6432.6748002897475,995.9209201388876
2022-10-21,19042.23125,17660.025,18059.84,6432.6748002897475,982.3914062500007
2022-10-22,19172.756944444445,17765.781,18172.754,6432.6748002897475,1000.0030381944453
2022-10-23,19210.92013888889,17796.79,18205.785,6432.6748002897475,1005.1349826388905
2022-10-24,19387.180555555555,17940.652,18358.457,6432.6748002897475,1028.7235243055547
2022-10-25,19471.377083333333,18009.805,18431.445,6432.6748002897475,1039.9317708333328
2022-10-26,20434.741666666665,18806.623,19269.453,6432.6748002897475,1165.288541666665
2022-10-27,20696.297916666666,19026.197,19497.883,6432.6748002897475,1198.4151041666664
2022-10-28,20346.047222222223,18732.375,19192.08,6432.6748002897475,1153.9671440972234
2022-10-29,20753.58402777778,19074.422,19547.959,6432.6748002897475,1205.6250434027788
2022-10-30,20756.35,19076.754,19550.379,6432.6748002897475,1205.9710937499985
2022-10-31,20546.129861111112,18900.086,19366.686,6432.6748002897475,1179.4443142361124
2022-11-01,20498.375,18859.994,19324.992,6432.6748002897475,1173.3828125
2022-11-02,20462.475694444445,18829.855,19293.658,6432.6748002897475,1168.8174913194453
2022-11-03,20243.145833333332,18646.633,19102.371,6432.6748002897475,1140.7747395833321
2022-11-04,20554.018055555556,18906.709,19373.574,6432.6748002897475,1180.4438368055562
2022-11-05,21306.285416666666,19545.355,20032.088,6432.6748002897475,1274.1975260416657
2022-11-06,21250.800694444446,19498.031,19983.41,6432.6748002897475,1267.390538194446
2022-11-07,20864.19027777778,19168.457,19644.705,6432.6748002897475,1219.4851996527796
2022-11-08,20034.45763888889,18472.91,18920.62,6432.6748002897475,1113.838498263889
2022-11-09,17965.649305555555,16793.498,17132.252,6432.6748002897475,833.3973524305547
2022-11-10,16642.196527777778,15745.332,15945.568,6432.6748002897475,696.6281684027781
2022-11-11,17250.169444444444,16222.735,16494.682,6432.6748002897475,755.4878038194438
2022-11-12,16812.402777777777,15878.984,16099.064,6432.6748002897475,713.3383246527774
2022-11-13,16709.610416666666,15798.269,16006.342,6432.6748002897475,703.2686197916664
2022-11-14,16444.294444444444,15589.935,15767.32,6432.6748002897475,676.9741319444438
2022-11-15,16727.79097222222,15812.545,16022.737,6432.6748002897475,705.0536675347212
2022-11-16,16735.447916666668,15818.557,16029.642,6432.6748002897475,705.8063151041679
2022-11-17,16574.394444444446,15692.093,15884.472,6432.6748002897475,689.922764756946
2022-11-18,16736.695833333335,15819.537,16030.766,6432.6748002897475,705.930208333335
2022-11-19,16621.52847222222,15729.104,15926.941,6432.6748002897475,694.5870659722204
2022-11-20,16624.264583333334,15731.253,15929.407,6432.6748002897475,694.8573567708336
2022-11-21,16149.88125,15358.802,15502.603,6432.6748002897475,647.2787109375004
2022-11-22,15852.233333333334,15125.484,15235.526,6432.6748002897475,616.7069661458336
2022-11-23,16380.28263888889,15539.67,15709.72,6432.6748002897475,670.5629123263898
2022-11-24,16579.116666666665,15695.801,15888.727,6432.6748002897475,690.390104166665
2022-11-25,16492.670833333334,15627.921,15810.872,6432.6748002897475,681.7987630208336
2022-11-26,16559.42986111111,15680.341,15870.992,6432.6748002897475,688.4376736111117
2022-11-27,16520.54861111111,15649.812,15835.973,6432.6748002897475,684.5759548611095
2022-11-28,16273.168055555556,15455.559,15613.388,6432.6748002897475,659.7803602430558
2022-11-29,16356.652083333332,15521.114,15688.463,6432.6748002897475,668.1891927083325
2022-11-30,16768.620138888888,15844.6045,16059.5625,6432.6748002897475,709.0576388888876
2022-12-01,17086.80972222222,16094.457,16346.908,6432.6748002897475,739.9015190972204
2022-12-02,16948.25763888889,15985.661,16221.712,6432.6748002897475,726.5457248263883
2022-12-03,16992.75972222222,16020.607,16261.914,6432.6748002897475,730.8456597222212
2022-12-04,16983.427083333332,16013.278,16253.481,6432.6748002897475,729.9456380208321
2022-12-05,17204.71111111111,16187.039,16453.545,6432.6748002897475,751.1661892361117
2022-12-06,16990.557638888888,16018.876,16259.923,6432.6748002897475,730.6347873263876
2022-12-07,16917.115972222222,15961.209,16193.588,6432.6748002897475,723.5280815972219
2022-12-08,16852.616666666665,15910.562,16135.356,6432.6748002897475,717.260221354165
2022-12-09,17207.650694444445,16189.346,16456.203,6432.6748002897475,751.4475694444445
2022-12-10,17153.63888888889,16146.935,16407.344,6432.6748002897475,746.2951388888905
2022-12-11,17160.79375,16152.553,16413.814,6432.6748002897475,746.9792968750007
2022-12-12,17003.488194444446,16029.031,16271.6045,6432.6748002897475,731.883702256946
2022-12-13,17340.83125,16294.527,16576.766,6432.6748002897475,764.0656249999993
2022-12-14,17854.350694444445,16704.4,17036.738,6432.6748002897475,817.6124131944453
2022-12-15,17672.384027777778,16558.85,16877.418,6432.6748002897475,794.9660590277781
2022-12-16,17218.961805555555,16198.229,16466.44,6432.6748002897475,752.5223524305547
2022-12-17,16721.46597222222,15807.577,16017.032,6432.6748002897475,704.4337456597204
2022-12-18,16726.938194444443,15811.875,16021.969,6432.6748002897475,704.9694444444431
2022-12-19,16727.303472222222,15812.16,16022.297,6432.6748002897475,705.0065972222219
2022-12-20,16716.879166666666,15803.977,16012.8955,6432.6748002897475,703.9836588541657
2022-12-21,16849.98263888889,15908.493,16132.98,6432.6748002897475,717.0021701388905
2022-12-22,16783.109722222223,15855.981,16072.635,6432.6748002897475,710.4749565972234
2022-12-23,16816.35347222222,15882.087,16102.629,6432.6748002897475,713.7245659722212
2022-12-24,16823.506944444445,15887.703,16109.086,6432.6748002897475,714.4210069444453
2022-12-25,16825.31111111111,15889.121,16110.712,6432.6748002897475,714.5991970486102
2022-12-26,16836.77152777778,15898.119,16121.058,6432.6748002897475,715.7139105902788
2022-12-27,16834.55138888889,15896.376,16119.052,6432.6748002897475,715.499631076389
2022-12-28,16653.958333333332,15754.568,15956.169,6432.6748002897475,697.7893880208321
2022-12-29,16572.739583333332,15690.792,15882.981,6432.6748002897475,689.7581380208321
2022-12-30,16549.94027777778,15672.891,15862.444,6432.6748002897475,687.4959418402796
2022-12-31,16566.081944444446,15685.565,15876.985,6432.6748002897475,689.096592881946
2023-01-01,16537.1125,15662.817,15850.891,6432.6748002897475,686.2218749999993
2023-01-02,16660.1375,15759.421,15961.739,6432.6748002897475,698.3982421875007
2023-01-03,16697.63125,15788.862,15995.542,6432.6748002897475,702.0892578124985
2023-01-04,16787.697916666668,15859.585,16076.774,6432.6748002897475,710.9235026041679
2023-01-05,16824.724305555555,15888.66,16110.183,6432.6748002897475,714.5416883680555
2023-01-06,16805.531944444443,15873.589,16092.865,6432.6748002897475,712.6667100694431
2023-01-07,16932.794444444444,15973.52,16207.746,6432.6748002897475,725.0483506944438
2023-01-08,16937.995138888888,15977.6045,16212.443,6432.6748002897475,725.5517795138876
2023-01-09,17182.420833333334,16169.535,16433.377,6432.6748002897475,749.0438802083336
2023-01-10,17243.81111111111,16217.741,16488.926,6432.6748002897475,754.8853298611102
2023-01-11,17428.77361111111,16364.309,16656.445,6432.6748002897475,772.3282986111117
2023-01-12,18074.12638888889,16880.67,17225.414,6432.6748002897475,848.7123263888898
2023-01-13,18925.205555555556,17565.508,17958.686,6432.6748002897475,966.5200086805562
2023-01-14,20553.62777777778,18906.383,19373.232,6432.6748002897475,1180.3953559027796
2023-01-15,20784.706944444446,19100.729,19575.178,6432.6748002897475,1209.529210069446
2023-01-16,20967.681944444445,19256.65,19735.291,6432.6748002897475,1232.3909288194445
2023-01-17,21181.838888888888,19439.217,19922.932,6432.6748002897475,1258.9072482638876
2023-01-18,21227.279166666667,19477.973,19962.78,6432.6748002897475,1264.4998697916672
2023-01-19,20798.03888888889,19112.088,19586.838,6432.6748002897475,1211.2009982638883
2023-01-20,21076.805555555555,19349.64,19830.873,6432.6748002897475,1245.9325086805547
2023-01-21,22690.297916666666,20737.066,21251.816,6432.6748002897475,1438.4815104166664
2023-01-22,22907.40625,20926.223,21444.107,6432.6748002897475,1463.298828125
2023-01-23,22773.963194444445,20809.951,21325.885,6432.6748002897475,1448.0784288194445
2023-01-24,22970.472222222223,20981.184,21500.014,6432.6748002897475,1470.4585503472226
2023-01-25,22679.12222222222,20727.334,21241.924,6432.6748002897475,1437.1983940972204
2023-01-26,23067.10625,21065.398,21585.717,6432.6748002897475,1481.3894531250007
2023-01-27,22980.63472222222,20990.04,21509.025,6432.6748002897475,1471.6093315972212
2023-01-28,23056.746527777777,21056.371,21576.527,6432.6748002897475,1480.2191840277774
2023-01-29,23278.428472222222,21249.562,21773.314,6432.6748002897475,1505.114019097222
2023-01-30,23492.37777777778,21436.016,21963.49,6432.6748002897475,1528.8875434027796
2023-01-31,22899.294444444444,20919.154,21436.918,6432.6748002897475,1462.3764756944438
2023-02-01,23066.73888888889,21065.078,21585.393,6432.6748002897475,1481.346310763889
2023-02-02,23790.438194444443,21698.066,22228.844,6432.6748002897475,1561.594444444443
2023-02-03,23541.66597222222,21479.219,22007.336,6432.6748002897475,1534.3300347222212
2023-02-04,23385.625694444443,21342.982,21868.572,6432.6748002897475,1517.053428819443
2023-02-05,23300.924305555556,21269.168,21793.299,6432.6748002897475,1507.6254774305562
2023-02-06,22904.78888888889,20923.94,21441.787,6432.6748002897475,1463.0017795138883
2023-02-07,22934.51875,20949.852,21468.139,6432.6748002897475,1466.3800781249993
2023-02-08,23157.24861111111,21143.957,21665.713,6432.6748002897475,1491.5357204861102
2023-02-09,22734.577777777777,20775.64,21291.012,6432.6748002897475,1443.5660590277766
2023-02-10,21837.235416666666,19998.5,20498.764,6432.6748002897475,1338.4717447916664
2023-02-11,21685.452083333334,19868.7,20365.195,6432.6748002897475,1320.2567708333336
2023-02-12,21837.15486111111,19998.43,20498.693,6432.6748002897475,1338.4615017361102
2023-02-13,21740.321527777778,19915.514,20413.463,6432.6748002897475,1326.858637152778
2023-02-14,21798.588194444445,19965.25,20464.74,6432.6748002897475,1333.8479600694445
2023-02-15,22344.725,20436.338,20946.275,6432.6748002897475,1398.4496093749985
2023-02-16,24510.619444444445,22336.744,22871.97,6432.6748002897475,1638.6487413194445
2023-02-17,23985.43472222222,21870.277,22402.701,6432.6748002897475,1582.7335503472204
2023-02-18,24611.932638888888,22427.035,22962.664,6432.6748002897475,1649.2685763888876
2023-02-19,24676.28125,22484.379,23020.299,6432.6748002897475,1655.982421875
2023-02-20,24599.72638888889,22416.156,22951.736,6432.6748002897475,1647.9900607638883
2023-02-21,24772.18611111111,22569.848,23106.234,6432.6748002897475,1665.9517361111102
2023-02-22,24128.118055555555,21996.95,22530.047,6432.6748002897475,1598.0711805555547
2023-02-23,24126.46111111111,21995.477,22528.57,6432.6748002897475,1597.8907986111117
2023-02-24,23798.18888888889,21704.889,22235.75,6432.6748002897475,1562.4388888888898
2023-02-25,23080.14236111111,21076.758,21597.283,6432.6748002897475,1482.8591579861095
2023-02-26,23154.99236111111,21141.99,21663.709,6432.6748002897475,1491.2833767361117
2023-02-27,23487.320833333335,21431.611,21958.994,6432.6748002897475,1528.326692708335
2023-02-28,23405.747916666667,21360.521,21886.459,6432.6748002897475,1519.2889322916672
2023-03-01,23536.29236111111,21474.504,22002.56,6432.6748002897475,1533.731814236111
2023-03-02,23442.35138888889,21392.42,21919.0,6432.6748002897475,1523.3513888888883
2023-03-03,22659.591666666667,20710.322,21224.64,6432.6748002897475,1434.9510416666672
2023-03-04,22342.643055555556,20434.54,20944.438,6432.6748002897475,1398.2055555555562
2023-03-05,22392.03263888889,20477.332,20988.066,6432.6748002897475,1403.9662326388898
2023-03-06,22420.58263888889,20502.195,21013.29,6432.6748002897475,1407.293576388889
2023-03-07,22393.12361111111,20478.283,20989.03,6432.6748002897475,1404.0943142361102
2023-03-08,22083.997916666667,20211.229,20716.186,6432.6748002897475,1367.8123697916672
2023-03-09,21717.60486111111,19896.135,20393.479,6432.6748002897475,1324.126345486111
2023-03-10,20065.886805555554,18499.072,18947.975,6432.6748002897475,1117.912196180554
2023-03-11,20269.563194444443,18668.623,19125.396,6432.6748002897475,1144.166710069443
2023-03-12,20626.934027777777,18967.926,19437.264,6432.6748002897475,1189.6703559027774
2023-03-13,22652.58611111111,20704.217,21218.44,6432.6748002897475,1434.1466579861117
2023-03-14,24809.814583333333,22603.383,23139.97,6432.6748002897475,1669.8438802083328
2023-03-15,24728.45138888889,22530.871,23067.04,6432.6748002897475,1661.4123263888905
2023-03-16,24636.89236111111,22449.277,22985.018,6432.6748002897475,1651.8747829861095
2023-03-17,25981.04513888889,23644.129,24193.627,6432.6748002897475,1787.4181857638905
2023-03-18,27397.545833333334,24904.348,25477.48,6432.6748002897475,1920.0653645833336
2023-03-19,27353.77013888889,24865.207,25437.652,6432.6748002897475,1916.117795138889
2023-03-20,27958.99027777778,25406.31,25989.203,6432.6748002897475,1969.7871527777788
2023-03-21,27992.55625,25436.322,26019.85,6432.6748002897475,1972.7066406250015
2023-03-22,28238.925,25656.586,26244.947,6432.6748002897475,1993.9777343749993
2023-03-23,27670.886805555554,25148.73,25726.42,6432.6748002897475,1944.466883680554
2023-03-24,28122.599305555555,25552.584,26138.629,6432.6748002897475,1983.9703993055555
2023-03-25,27531.302083333332,25023.934,25599.25,6432.6748002897475,1932.0520833333321
2023-03-26,27669.5,25147.488,25725.154,6432.6748002897475,1944.345703125
2023-03-27,27698.152777777777,25173.105,25751.27,6432.6748002897475,1946.8832465277774
2023-03-28,27010.402083333334,24558.572,25125.564,6432.6748002897475,1884.8376302083343
2023-03-29,27906.91736111111,25359.754,25941.678,6432.6748002897475,1965.239626736111
2023-03-30,28444.24027777778,25840.383,26432.773,6432.6748002897475,2011.4668402777788
2023-03-31,28137.87638888889,25566.244,26152.586,6432.6748002897475,1985.2904513888898
2023-04-01,28464.172222222223,25858.252,26451.018,6432.6748002897475,2013.1546440972234
2023-04-02,28367.870833333334,25771.91,26362.883,6432.6748002897475,2004.9880208333343
2023-04-03,28045.459722222222,25483.62,26068.164,6432.6748002897475,1977.295659722222
2023-04-04,28010.166666666668,25452.064,26035.93,6432.6748002897475,1974.2369791666679
2023-04-05,28361.67361111111,25766.354,26357.215,6432.6748002897475,2004.4587673611095
2023-04-06,28046.74722222222,25484.768,26069.336,6432.6748002897475,1977.4112847222204
2023-04-07,27972.06527777778,25418.0,26001.143,6432.6748002897475,1970.9226996527796
2023-04-08,28010.834722222222,25452.662,26036.545,6432.6748002897475,1974.289800347222
2023-04-09,27978.564583333333,25423.809,26007.076,6432.6748002897475,1971.4884114583328
2023-04-10,28439.44027777778,25836.08,26428.379,6432.6748002897475,2011.0613715277796
2023-04-11,29999.850694444445,27235.121,27862.684,6432.6748002897475,2137.1671006944453
2023-04-12,30073.452083333334,27301.111,27930.629,6432.6748002897475,2142.8231770833336
2023-04-13,30174.718055555557,27391.9,28024.166,6432.6748002897475,2150.552039930557
2023-04-14,30590.727777777778,27764.893,28408.941,6432.6748002897475,2181.786371527778
2023-04-15,30417.878472222223,27609.918,28248.965,6432.6748002897475,2168.9136284722226
2023-04-16,30333.620138888888,27534.373,28171.04,6432.6748002897475,2162.5810763888876
2023-04-17,29858.90902777778,27108.754,27732.637,6432.6748002897475,2126.2723090277796
2023-04-18,29816.45902777778,27070.693,27693.486,6432.6748002897475,2122.972699652779
2023-04-19,29783.59097222222,27041.225,27663.18,6432.6748002897475,2120.4112847222204
2023-04-20,28814.293055555554,26172.164,26771.83,6432.6748002897475,2042.462977430554
2023-04-21,28100.419444444444,25532.754,26118.365,6432.6748002897475,1982.0542100694438
2023-04-22,27354.86875,24866.193,25438.654,6432.6748002897475,1916.2144531250015
2023-04-23,27615.25972222222,25098.996,25675.729,6432.6748002897475,1939.5312065972212
2023-04-24,27511.465277777777,25006.2,25581.188,6432.6748002897475,1930.2777777777774
2023-04-25,27407.258333333335,24913.031,25486.324,6432.6748002897475,1920.934114583335
2023-04-26,28826.029166666667,26182.69,26782.592,6432.6748002897475,2043.4373697916672
2023-04-27,28932.474305555555,26278.125,26880.26,6432.6748002897475,2052.2145399305555
2023-04-28,29375.706944444446,26675.521,27287.531,6432.6748002897475,2088.175694444446
2023-04-29,29332.919444444444,26637.158,27248.168,6432.6748002897475,2084.751475694444
2023-04-30,29331.286111111112,26635.691,27246.666,6432.6748002897475,2084.6200954861124
2023-05-01,28670.416666666668,26043.168,26639.922,6432.6748002897475,2030.4947916666679
2023-05-02,28143.15902777778,25570.969,26157.414,6432.6748002897475,1985.7449652777796
2023-05-03,28541.306944444445,25927.41,26521.643,6432.6748002897475,2019.6643663194445
2023-05-04,28998.4875,26337.31,26940.852,6432.6748002897475,2057.6359374999993
2023-05-05,29167.285416666666,26488.652,27095.898,6432.6748002897475,2071.3869791666657
2023-05-06,29262.402083333334,26573.936,27183.322,6432.6748002897475,2079.0798177083343
2023-05-07,28925.627083333333,26271.986,26873.973,6432.6748002897475,2051.654427083333
2023-05-08,28157.365972222222,25583.668,26170.396,6432.6748002897475,1986.969487847222
2023-05-09,27605.397222222222,25090.178,25666.74,6432.6748002897475,1938.656987847222
2023-05-10,27734.845833333333,25205.912,25784.719,6432.6748002897475,1950.1270833333328
2023-05-11,27407.474305555555,24913.225,25486.521,6432.6748002897475,1920.9528211805555
2023-05-12,26556.752083333333,24155.605,24714.172,6432.6748002897475,1842.5802083333328
2023-05-13,26794.980555555554,24367.223,24930.078,6432.6748002897475,1864.902430555554
2023-05-14,26874.27013888889,24437.652,25002.006,6432.6748002897475,1872.264279513889
2023-05-15,27266.39652777778,24787.096,25358.184,6432.6748002897475,1908.2129340277788
2023-05-16,27125.811805555557,24661.402,25230.395,6432.6748002897475,1895.417274305557
2023-05-17,26948.70625,24503.771,25069.555,6432.6748002897475,1879.1515624999993
2023-05-18,27242.47013888889,24765.7,25336.428,6432.6748002897475,1906.0424045138898
2023-05-19,26864.91875,24429.346,24993.52,6432.6748002897475,1871.3992187500007
2023-05-20,26906.879861111112,24466.617,25031.594,6432.6748002897475,1875.2861111111124
2023-05-21,27029.584722222222,24575.615,25142.982,6432.6748002897475,1886.602300347222
2023-05-22,26802.74236111111,24374.113,24937.117,6432.6748002897475,1865.6251736111117
2023-05-23,27185.609027777777,24714.865,25284.734,6432.6748002897475,1900.8746527777766
2023-05-24,26758.15625,24334.51,24896.682,6432.6748002897475,1861.474609375
2023-05-25,26281.87638888889,23911.443,24465.414,6432.6748002897475,1816.4623263888898
2023-05-26,26533.10763888889,24134.604,24692.762,6432.6748002897475,1840.3459201388905
2023-05-27,26723.822916666668,24304.012,24865.555,6432.6748002897475,1858.2682291666679
2023-05-28,27145.041666666668,24678.594,25247.871,6432.6748002897475,1897.1705729166679
2023-05-29,27902.688194444443,25355.973,25937.82,6432.6748002897475,1964.867881944443
2023-05-30,27784.277777777777,25250.11,25829.797,6432.6748002897475,1954.4809027777774
2023-05-31,27319.945833333335,24834.969,25406.883,6432.6748002897475,1913.063020833335
2023-06-01,26953.125,24507.695,25073.566,6432.6748002897475,1879.55859375
2023-06-02,27015.20486111111,24562.842,25129.928,6432.6748002897475,1885.2771267361095
2023-06-03,27188.80486111111,24717.723,25287.64,6432.6748002897475,1901.1642361111117
2023-06-04,27140.236805555556,24674.299,25243.502,6432.6748002897475,1896.7348524305562
2023-06-05,26706.359027777777,24288.5,24849.727,6432.6748002897475,1856.6324652777766
2023-06-06,25880.050694444446,23554.477,24102.484,6432.6748002897475,1777.566319444446
2023-06-07,26810.841666666667,24381.309,24944.459,6432.6748002897475,1866.3826822916672
2023-06-08,26434.71875,24047.207,24603.684,6432.6748002897475,1831.03515625
2023-06-09,26542.27986111111,24142.752,24701.064,6432.6748002897475,1841.2154079861102
2023-06-10,25946.516666666666,23613.492,24162.46,6432.6748002897475,1784.0557291666664
2023-06-11,25812.914583333335,23494.836,24041.926,6432.6748002897475,1770.988802083335
2023-06-12,25895.9,23568.553,24116.783,6432.6748002897475,1779.1167968750015
2023-06-13,25997.99861111111,23659.191,24208.928,6432.6748002897475,1789.0708767361102
2023-06-14,25939.458333333332,23607.229,24156.088,6432.6748002897475,1783.3704427083321
2023-06-15,25035.419444444444,22804.18,23342.361,6432.6748002897475,1693.0581163194438
2023-06-16,25632.950694444444,23334.973,23879.719,6432.6748002897475,1753.2319444444438
2023-06-17,26446.122916666667,24057.336,24614.01,6432.6748002897475,1832.1131510416672
2023-06-18,26530.89236111111,24132.637,24690.752,6432.6748002897475,1840.1404079861095
2023-06-19,26460.29513888889,24069.924,24626.834,6432.6748002897475,1833.4611545138905
2023-06-20,26966.820833333335,24519.86,25085.996,6432.6748002897475,1880.824739583335
2023-06-21,28993.489583333332,26332.83,26936.266,6432.6748002897475,2057.223958333332
2023-06-22,30107.372916666667,27331.523,27961.959,6432.6748002897475,2145.413932291667
2023-06-23,30239.125694444443,27449.652,28083.684,6432.6748002897475,2155.442100694443
2023-06-24,30671.799305555556,27837.578,28484.021,6432.6748002897475,2187.777821180556
2023-06-25,30645.352083333335,27813.867,28459.527,6432.6748002897475,2185.824739583335
2023-06-26,30331.871527777777,27532.803,28169.418,6432.6748002897475,2162.4535590277774
2023-06-27,30463.16388888889,27650.52,28290.87,6432.6748002897475,2172.2947482638883
2023-06-28,30391.919444444444,27586.643,28224.955,6432.6748002897475,2166.964366319444
2023-06-29,30355.568055555555,27554.05,28191.332,6432.6748002897475,2164.2360243055555
2023-06-30,30563.681944444445,27740.643,28383.898,6432.6748002897475,2179.7835069444445
2023-07-01,30488.934027777777,27673.625,28314.715,6432.6748002897475,2174.2191840277774
2023-07-02,30540.598611111112,27719.945,28362.53,6432.6748002897475,2178.0693142361124
2023-07-03,30739.575,27898.344,28546.818,6432.6748002897475,2192.7566406250007
2023-07-04,31048.274305555555,28175.191,28833.105,6432.6748002897475,2215.1688368055547
2023-07-05,30650.505555555555,27818.486,28464.299,6432.6748002897475,2186.2067274305555
2023-07-06,30566.32013888889,27743.008,28386.344,6432.6748002897475,2179.9763888888883
2023-07-07,30177.120833333334,27394.059,28026.389,6432.6748002897475,2150.7321614583343
2023-07-08,30250.08125,27459.473,28093.807,6432.6748002897475,2156.2746093749993
2023-07-09,30277.28125,27483.86,28118.95,6432.6748002897475,2158.33203125
2023-07-10,30203.779166666667,27417.957,28051.018,6432.6748002897475,2152.761588541667
2023-07-11,30507.83263888889,27690.568,28332.203,6432.6748002897475,2175.629513888889
2023-07-12,30620.29097222222,27791.398,28436.316,6432.6748002897475,2183.974565972221
2023-07-13,30551.835416666665,27730.021,28372.934,6432.6748002897475,2178.901822916665
2023-07-14,31217.445833333335,28326.982,28990.186,6432.6748002897475,2227.260286458335
2023-07-15,30309.95902777778,27513.16,28149.16,6432.6748002897475,2160.798871527779
2023-07-16,30303.915277777778,27507.738,28143.576,6432.6748002897475,2160.339105902778
2023-07-17,30220.802083333332,27433.223,28066.75,6432.6748002897475,2154.052083333332
2023-07-18,29995.24236111111,27230.988,27858.43,6432.6748002897475,2136.8126736111117
2023-07-19,29964.20763888889,27203.164,27829.787,6432.6748002897475,2134.420529513889
2023-07-20,30018.953472222223,27252.244,27880.312,6432.6748002897475,2138.6409722222234
2023-07-21,29836.739583333332,27088.879,27712.19,6432.6748002897475,2124.550130208332
2023-07-22,29900.70625,27146.227,27771.191,6432.6748002897475,2129.5148437499993
2023-07-23,29904.500694444443,27149.629,27774.691,6432.6748002897475,2129.809288194443
2023-07-24,29574.868055555555,26854.086,27470.848,6432.6748002897475,2104.0203993055547
2023-07-25,29163.93472222222,26485.652,27092.816,6432.6748002897475,2071.1183159722204
2023-07-26,29236.73125,26550.918,27159.727,6432.6748002897475,2077.0046875000007
2023-07-27,29403.72986111111,26700.646,27313.314,6432.6748002897475,2090.415407986111
2023-07-28,29241.90902777778,26555.56,27164.482,6432.6748002897475,2077.4266059027796
2023-07-29,29321.194444444445,26626.646,27237.387,6432.6748002897475,2083.8077256944453
2023-07-30,29330.55625,26635.041,27245.996,6432.6748002897475,2084.5601562500015
2023-07-31,29326.550694444446,26631.447,27242.314,6432.6748002897475,2084.236241319446
2023-08-01,29002.629166666666,26341.027,26944.654,6432.6748002897475,2057.9748697916657
2023-08-02,29448.979166666668,26741.217,27354.947,6432.6748002897475,2094.031901041668
2023-08-03,29155.32222222222,26477.928,27084.904,6432.6748002897475,2070.417925347221
2023-08-04,29182.02013888889,26501.863,27109.434,6432.6748002897475,2072.586545138889
2023-08-05,29027.793055555554,26363.588,26967.76,6432.6748002897475,2060.033289930554
2023-08-06,29034.145833333332,26369.281,26973.592,6432.6748002897475,2060.554036458332
2023-08-07,29035.993055555555,26370.938,26975.287,6432.6748002897475,2060.7059461805547
2023-08-08,29324.70138888889,26629.791,27240.61,6432.6748002897475,2084.0920138888905
2023-08-09,29762.452777777777,27022.27,27643.69,6432.6748002897475,2118.7633246527766
2023-08-10,29504.050694444446,26790.594,27405.643,6432.6748002897475,2098.408116319446
2023-08-11,29390.831944444446,26689.082,27301.445,6432.6748002897475,2089.386631944446
2023-08-12,29399.091666666667,26696.488,27309.043,6432.6748002897475,2090.048697916667
2023-08-13,29387.400694444445,26686.006,27298.29,6432.6748002897475,2089.1116319444445
2023-08-14,29374.42013888889,26674.365,27286.344,6432.6748002897475,2088.0763888888905
2023-08-15,29347.305555555555,26650.057,27261.404,6432.6748002897475,2085.9012586805547
2023-08-16,29143.490972222222,26467.32,27074.03,6432.6748002897475,2069.461675347222
2023-08-17,28488.05486111111,25879.664,26472.88,6432.6748002897475,2015.1740017361117
2023-08-18,26460.577777777777,24070.176,24627.092,6432.6748002897475,1833.4859809027766
2023-08-19,26004.15625,23664.664,24214.49,6432.6748002897475,1789.666015625
2023-08-20,26106.747916666667,23755.828,24307.137,6432.6748002897475,1799.6111979166672
2023-08-21,26074.386805555554,23727.072,24277.902,6432.6748002897475,1796.484461805554
2023-08-22,26033.26111111111,23690.527,24240.766,6432.6748002897475,1792.495486111111
2023-08-23,26053.53402777778,23708.543,24259.07,6432.6748002897475,1794.4637152777796
2023-08-24,26354.775,23976.197,24531.35,6432.6748002897475,1823.4253906250015
2023-08-25,26050.529166666667,23705.87,24256.357,6432.6748002897475,1794.1717447916672
2023-08-26,26033.433333333334,23690.68,24240.922,6432.6748002897475,1792.5114583333343
2023-08-27,26050.169444444444,23705.55,24256.035,6432.6748002897475,1794.1342881944438
2023-08-28,26034.347222222223,23691.494,24241.746,6432.6748002897475,1792.6011284722226
2023-08-29,26429.80625,24042.842,24599.238,6432.6748002897475,1830.5679687500015
2023-08-30,27425.91875,24929.713,25503.309,6432.6748002897475,1922.6101562500007
2023-08-31,27081.363194444446,24621.664,25190.014,6432.6748002897475,1891.349522569446
2023-09-01,25936.345833333333,23604.467,24153.281,6432.6748002897475,1783.0645833333328
2023-09-02,25806.085416666665,23488.77,24035.771,6432.6748002897475,1770.313932291665
2023-09-03,25891.63611111111,23564.766,24112.936,6432.6748002897475,1778.700564236111
2023-09-04,25925.85138888889,23595.156,24143.809,6432.6748002897475,1782.0427951388883
2023-09-05,25733.45625,23424.254,23970.287,6432.6748002897475,1763.1691406249993
2023-09-06,25719.776388888888,23412.1,23957.957,6432.6748002897475,1761.8193576388876
2023-09-07,25753.34652777778,23441.922,23988.22,6432.6748002897475,1765.1258246527796
2023-09-08,26062.03125,23716.092,24266.744,6432.6748002897475,1795.287109375
2023-09-09,25870.97638888889,23546.414,24094.299,6432.6748002897475,1776.6775607638883
2023-09-10,25820.640972222223,23501.7,24048.895,6432.6748002897475,1771.7464409722234
2023-09-11,25614.05138888889,23318.186,23862.693,6432.6748002897475,1751.358029513889
2023-09-12,25724.089583333334,23415.934,23961.846,6432.6748002897475,1762.2438802083343
2023-09-13,26052.359027777777,23707.498,24258.012,6432.6748002897475,1794.3473090277766
2023-09-14,26382.264583333334,24000.613,24556.219,6432.6748002897475,1826.0458333333336
2023-09-15,26514.178472222222,24117.79,24675.62,6432.6748002897475,1838.559331597222
2023-09-16,26560.69027777778,24159.104,24717.738,6432.6748002897475,1842.9519965277796
2023-09-17,26545.445833333335,24145.566,24703.932,6432.6748002897475,1841.514192708335
2023-09-18,26810.429166666665,24380.943,24944.088,6432.6748002897475,1866.341276041665
2023-09-19,26988.511805555554,24539.13,25105.693,6432.6748002897475,1882.818446180554
2023-09-20,27138.990972222222,24673.184,25242.37,6432.6748002897475,1896.621831597222
2023-09-21,26862.911805555555,24427.562,24991.697,6432.6748002897475,1871.2145399305555
2023-09-22,26614.77986111111,24207.152,24766.734,6432.6748002897475,1848.0454861111102
2023-09-23,26572.7,24169.775,24728.617,6432.6748002897475,1844.0828125000007
2023-09-24,26582.135416666668,24178.152,24737.16,6432.6748002897475,1844.9752604166679
2023-09-25,26223.17361111111,23859.287,24412.34,6432.6748002897475,1810.8337673611095
2023-09-26,26257.956944444446,23890.193,24443.787,6432.6748002897475,1814.169835069446
2023-09-27,26296.90486111111,23924.79,24479.008,6432.6748002897475,1817.8970486111102
2023-09-28,26544.260416666668,24144.512,24702.854,6432.6748002897475,1841.4069010416679
2023-09-29,26980.899305555555,24532.37,25098.78,6432.6748002897475,1882.1200086805547
2023-09-30,26949.621527777777,24504.586,25070.383,6432.6748002897475,1879.2387152777774
2023-10-01,27099.124305555557,24637.543,25206.148,6432.6748002897475,1892.975868055557
2023-10-02,28023.368055555555,25463.867,26047.986,6432.6748002897475,1975.3817274305547
2023-10-03,27533.736805555556,25026.111,25601.469,6432.6748002897475,1932.2680555555562
2023-10-04,27460.815972222223,24960.914,25535.074,6432.6748002897475,1925.7417534722226
2023-10-05,27686.210416666665,25162.43,25740.385,6432.6748002897475,1945.825651041665
2023-10-06,27624.116666666665,25106.916,25683.799,6432.6748002897475,1940.317838541665
2023-10-07,27956.205555555556,25403.82,25986.664,6432.6748002897475,1969.5414930555562
2023-10-08,27938.038194444445,25387.578,25970.084,6432.6748002897475,1967.9542100694453
2023-10-09,27736.461805555555,25207.357,25786.195,6432.6748002897475,1950.2664930555547
2023-10-10,27557.338194444445,25047.21,25622.963,6432.6748002897475,1934.3753038194445
2023-10-11,27127.421527777777,24662.84,25231.854,6432.6748002897475,1895.5680121527766
2023-10-12,26761.140277777777,24337.16,24899.389,6432.6748002897475,1861.7516059027766
2023-10-13,26784.536805555555,24357.943,24920.607,6432.6748002897475,1863.9293836805555
2023-10-14,26890.477083333335,24452.049,25016.707,6432.6748002897475,1873.770052083335
2023-10-15,26891.45486111111,24452.912,25017.592,6432.6748002897475,1873.8630642361095
2023-10-16,27698.749305555557,25173.639,25751.816,6432.6748002897475,1946.932899305557
2023-10-17,28400.204166666666,25800.898,26392.467,6432.6748002897475,2007.7373697916664
2023-10-18,28443.295833333334,25839.535,26431.906,6432.6748002897475,2011.3895833333336
2023-10-19,28424.51736111111,25822.7,26414.72,6432.6748002897475,2009.7966579861095
2023-10-20,29287.47847222222,26596.418,27206.38,6432.6748002897475,2081.097612847221
2023-10-21,29747.05486111111,27008.469,27629.5,6432.6748002897475,2117.5548611111117
2023-10-22,29947.222916666666,27187.934,27814.107,6432.6748002897475,2133.1154947916657
2023-10-23,30542.794444444444,27721.914,28364.568,6432.6748002897475,2178.226085069444
2023-10-24,33804.23888888889,30656.484,31416.525,6432.6748002897475,2387.713498263889
2023-10-25,34216.3,31027.836,31809.684,6432.6748002897475,2406.616406250003
2023-10-26,34419.15833333333,31210.762,32003.52,6432.6748002897475,2415.638802083333
2023-10-27,34028.256944444445,30858.371,31630.164,6432.6748002897475,2398.0928819444453
2023-10-28,34043.51597222222,30872.121,31644.73,6432.6748002897475,2398.7855034722234
2023-10-29,34234.211805555555,31043.977,31826.791,6432.6748002897475,2407.4207899305547
2023-10-30,34477.93263888889,31263.771,32059.715,6432.6748002897475,2418.2177951388876
2023-10-31,34381.67361111111,31176.957,31967.688,6432.6748002897475,2413.9861111111095
2023-11-01,34497.32708333333,31281.262,32078.266,6432.6748002897475,2419.06145833333
2023-11-02,35221.941666666666,31934.768,32772.465,6432.6748002897475,2449.4768229166657
2023-11-03,34580.16388888889,31355.969,32157.5,6432.6748002897475,2422.663888888892
2023-11-04,34737.089583333334,31497.498,32307.7,6432.6748002897475,2429.3903645833343
2023-11-05,35059.58263888889,31788.344,32616.71,6432.6748002897475,2442.871701388889
2023-11-06,35012.092361111114,31745.51,32571.174,6432.6748002897475,2440.918532986114
2023-11-07,34888.248611111114,31633.822,32452.48,6432.6748002897475,2435.768142361114
2023-11-08,35359.37569444445,32058.717,32904.4,6432.6748002897475,2454.9772569444467
2023-11-09,36444.638194444444,33037.496,33949.215,6432.6748002897475,2495.423350694444
2023-11-10,36776.92361111111,33337.195,34270.16,6432.6748002897475,2506.7634548611095
2023-11-11,37155.66527777778,33678.797,34636.58,6432.6748002897475,2519.087152777778
2023-11-12,37062.09722222222,33594.402,34545.99,6432.6748002897475,2516.108940972219
2023-11-13,36985.717361111114,33525.516,34472.08,6432.6748002897475,2513.639236111114
2023-11-14,36478.95416666667,33068.44,33982.336,6432.6748002897475,2496.61822916667
2023-11-15,35819.48333333333,32473.674,33346.715,6432.6748002897475,2472.76848958333
2023-11-16,37282.5375,33793.23,34759.457,6432.6748002897475,2523.0804687499985
2023-11-17,36275.29791666667,32884.76,33785.84,6432.6748002897475,2489.45807291667
2023-11-18,36477.97638888889,33067.562,33981.395,6432.6748002897475,2496.581857638892
2023-11-19,36572.990277777775,33153.258,34073.13,6432.6748002897475,2499.861371527775
2023-11-20,37209.98125,33727.785,34689.17,6432.6748002897475,2520.809374999997
2023-11-21,37309.06041666667,33817.15,34785.152,6432.6748002897475,2523.908072916667
2023-11-22,36521.521527777775,33106.84,34023.43,6432.6748002897475,2498.091840277775
2023-11-23,37361.85,33864.76,34836.305,6432.6748002897475,2525.5453124999985
2023-11-24,37554.013194444444,34038.016,35022.63,6432.6748002897475,2531.384288194444
2023-11-25,37775.82361111111,34237.97,35237.89,6432.6748002897475,2537.932986111111
2023-11-26,37677.08888888889,34148.965,35142.043,6432.6748002897475,2535.0459201388876
2023-11-27,37267.989583333336,33780.105,34745.36,6432.6748002897475,2522.6302083333358
2023-11-28,37230.73541666667,33746.508,34709.273,6432.6748002897475,2521.46197916667
2023-11-29,38015.084027777775,34453.652,35470.324,6432.6748002897475,2544.759809027775
2023-11-30,37795.96388888889,34256.125,35257.445,6432.6748002897475,2538.5185763888876
2023-12-01,38205.65416666667,34625.445,35655.633,6432.6748002897475,2550.021354166667
2023-12-02,38777.83472222222,35141.246,36212.96,6432.6748002897475,2564.873784722222
2023-12-03,39493.65902777778,35786.53,36912.152,6432.6748002897475,2581.5066840277796
2023-12-04,40989.771527777775,37135.223,38380.348,6432.6748002897475,2609.423871527775
2023-12-05,41984.15833333333,38033.562,39361.17,6432.6748002897475,2622.986458333333
2023-12-06,43886.819444444445,39759.93,41248.63,6432.6748002897475,2638.1905381944453
2023-12-07,43686.51111111111,39578.184,41049.266,6432.6748002897475,2637.245486111111
2023-12-08,43471.91111111111,39383.465,40835.85,6432.6748002897475,2636.0595486111124
2023-12-09,44097.76875,39951.344,41458.742,6432.6748002897475,2639.026562500003
2023-12-10,43847.05694444444,39723.855,41209.04,6432.6748002897475,2638.017881944441
2023-12-11,42521.42916666667,38521.055,39892.73,6432.6748002897475,2628.6986979166686
2023-12-12,41479.416666666664,37576.81,38862.816,6432.6748002897475,2616.6002604166642
2023-12-13,41277.74930555555,37394.76,38663.984,6432.6748002897475,2613.7649305555533
2023-12-14,42826.854166666664,38798.18,40195.414,6432.6748002897475,2631.4401041666642
2023-12-15,42657.325694444444,38644.355,40027.363,6432.6748002897475,2629.962413194444
2023-12-16,42228.729166666664,38255.473,39603.0,6432.6748002897475,2625.7291666666642
2023-12-17,42001.49722222222,38049.293,39378.305,6432.6748002897475,2623.1925347222204
2023-12-18,41310.79513888889,37424.59,38696.562,6432.6748002897475,2614.2326388888905
2023-12-19,42682.35277777778,38667.066,40052.164,6432.6748002897475,2630.188715277778
2023-12-20,42885.705555555556,38851.58,40253.773,6432.6748002897475,2631.932118055556
2023-12-21,43706.760416666664,39596.56,41069.418,6432.6748002897475,2637.3424479166642
2023-12-22,43814.08541666667,39693.938,41176.22,6432.6748002897475,2637.8666666666686
2023-12-23,43710.63611111111,39600.08,41073.273,6432.6748002897475,2637.362673611111
2023-12-24,43721.879166666666,39610.28,41084.457,6432.6748002897475,2637.4221354166657
2023-12-25,43320.22361111111,39245.836,40685.113,6432.6748002897475,2635.1103298611124
2023-12-26,42966.30763888889,38924.71,40333.734,6432.6748002897475,2632.5732638888876
2023-12-27,42616.80972222222,38607.598,39987.22,6432.6748002897475,2629.5909722222204
2023-12-28,43104.68125,39050.26,40471.05,6432.6748002897475,2633.6304687500015
2023-12-29,42549.24375,38546.29,39920.28,6432.6748002897475,2628.9625000000015
2023-12-30,42044.22986111111,38088.066,39420.543,6432.6748002897475,2623.686892361111
2023-12-31,42394.376388888886,38405.766,39766.92,6432.6748002897475,2627.454513888886
2024-01-01,42568.08541666667,38563.383,39938.94,6432.6748002897475,2629.1440104166686
2024-01-02,44979.35902777778,40753.832,42338.62,6432.6748002897475,2640.7379340277766
2024-01-03,44407.779861111114,40232.625,41767.824,6432.6748002897475,2639.955642361114
2024-01-04,43178.71875,39117.438,40544.56,6432.6748002897475,2634.16015625
2024-01-05,43881.51875,39755.12,41243.355,6432.6748002897475,2638.163281250003
2024-01-06,43840.34375,39717.766,41202.36,6432.6748002897475,2637.984375
2024-01-07,44050.80902777778,39908.727,41411.953,6432.6748002897475,2638.855902777781
2024-01-08,44274.57013888889,40111.758,41634.97,6432.6748002897475,2639.601388888892
2024-01-09,46787.11319444444,42408.508,44151.68,6432.6748002897475,2635.4335069444423
2024-01-10,45839.274305555555,41540.926,43199.61,6432.6748002897475,2639.6649305555547
2024-01-11,46541.94305555556,42184.1,43905.117,6432.6748002897475,2636.825868055559
2024-01-12,45752.42916666667,41461.434,43112.535,6432.6748002897475,2639.8940104166686
2024-01-13,42922.334027777775,38884.81,40290.113,6432.6748002897475,2632.220746527775
2024-01-14,42846.910416666666,38816.375,40215.3,6432.6748002897475,2631.6096354166657
2024-01-15,42519.225,38519.05,39890.547,6432.6748002897475,2628.6781249999985
2024-01-16,42818.17986111111,38790.305,40186.81,6432.6748002897475,2631.371267361108
2024-01-17,42829.615277777775,38800.688,40198.15,6432.6748002897475,2631.466840277775
2024-01-18,42525.72708333333,38524.953,39896.99,6432.6748002897475,2628.7388020833314
2024-01-19,41145.731944444444,37275.81,38533.918,6432.6748002897475,2611.813975694444
2024-01-20,41591.888194444444,37678.336,38973.777,6432.6748002897475,2618.110850694444
2024-01-21,41683.20347222222,37760.77,39063.902,6432.6748002897475,2619.3011284722234
2024-01-22,41071.78611111111,37209.156,38461.09,6432.6748002897475,2610.6962673611124
2024-01-23,39526.649305555555,35816.273,36944.43,6432.6748002897475,2582.2196180555547
2024-01-24,39798.29513888889,36061.152,37210.363,6432.6748002897475,2587.9318576388905
2024-01-25,39925.05486111111,36175.418,37334.56,6432.6748002897475,2590.496267361108
2024-01-26,40489.74722222222,36684.47,37888.633,6432.6748002897475,2601.1144097222204
2024-01-27,41805.28125,37871.258,39184.44,6432.6748002897475,2620.83984375
2024-01-28,42275.74513888889,38298.133,39649.516,6432.6748002897475,2626.2295138888876
2024-01-29,42205.842361111114,38234.707,39580.363,6432.6748002897475,2625.479079861114
2024-01-30,43347.72083333333,39270.78,40712.42,6432.6748002897475,2635.298958333333
2024-01-31,43042.92222222222,38994.23,40409.758,6432.6748002897475,2633.1644097222234
2024-02-01,42378.56597222222,38391.43,39751.277,6432.6748002897475,2627.288628472219
2024-02-02,43040.839583333334,38992.336,40407.688,6432.6748002897475,2633.1520833333343
2024-02-03,43092.180555555555,39038.918,40458.645,6432.6748002897475,2633.5360243055547
2024-02-04,42943.60902777778,38904.117,40311.215,6432.6748002897475,2632.3941840277766
2024-02-05,42786.60833333333,38761.66,40155.508,6432.6748002897475,2631.10052083333
2024-02-06,42789.75555555556,38764.52,40158.62,6432.6748002897475,2631.134461805559
2024-02-07,43068.07638888889,39017.05,40434.723,6432.6748002897475,2633.3537326388905
2024-02-08,44617.06875,40423.414,41976.684,6432.6748002897475,2640.3851562499985
2024-02-09,46342.14722222222,42001.227,43704.332,6432.6748002897475,2637.815190972222
2024-02-10,47308.683333333334,42885.93,44676.926,6432.6748002897475,2631.7575520833343
2024-02-11,48062.620833333334,43576.04,45437.812,6432.6748002897475,2624.8083333333343
2024-02-12,48414.25,43897.89,45793.344,6432.6748002897475,2620.90625
2024-02-13,49745.683333333334,45116.605,47143.246,6432.6748002897475,2602.4372395833343
2024-02-14,50383.07638888889,45700.04,47791.504,6432.6748002897475,2591.5724826388905
2024-02-15,52078.714583333334,47253.008,49522.215,6432.6748002897475,2556.4997395833343
2024-02-16,52020.46944444445,47199.63,49462.613,6432.6748002897475,2557.8561631944467
2024-02-17,51710.90902777778,46915.93,49146.05,6432.6748002897475,2564.8582465277796
2024-02-18,51673.59097222222,46881.727,49107.906,6432.6748002897475,2565.6847222222204
2024-02-19,52143.98125,47312.83,49589.0,6432.6748002897475,2554.981249999997
2024-02-20,51840.271527777775,47034.484,49278.305,6432.6748002897475,2561.966840277775
2024-02-21,51649.188888888886,46859.363,49082.973,6432.6748002897475,2566.216232638886
2024-02-22,51498.18472222222,46720.977,48928.684,6432.6748002897475,2569.5011284722204
2024-02-23,51202.285416666666,46449.887,48626.555,6432.6748002897475,2575.7307291666657
2024-02-24,51024.063888888886,46286.754,48444.707,6432.6748002897475,2579.356857638886
2024-02-25,51594.816666666666,46809.53,49027.41,6432.6748002897475,2567.4065104166657
2024-02-26,51752.74166666667,46954.266,49188.81,6432.6748002897475,2563.9330729166686
2024-02-27,55993.00069444445,50841.297,53470.574,6432.6748002897475,2522.4264756944467
2024-02-28,58463.936111111114,53108.62,55960.43,6432.6748002897475,2503.506423611114
2024-02-29,62021.39513888889,56377.086,59569.355,6432.6748002897475,2452.039670138889
2024-03-01,61664.54236111111,56049.223,59206.156,6432.6748002897475,2458.386111111111
2024-03-02,62142.5625,56488.41,59692.74,6432.6748002897475,2449.82421875
2024-03-03,62048.03611111111,56401.566,59596.484,6432.6748002897475,2451.5517361111124
2024-03-04,64406.97708333333,58570.504,62003.41,6432.6748002897475,2403.5669270833314
2024-03-05,67150.19583333333,61098.438,64814.27,6432.6748002897475,2335.9263020833314
2024-03-06,65212.57152777778,59312.875,62827.594,6432.6748002897475,2384.977777777778
2024-03-07,66665.63541666667,60651.902,64316.883,6432.6748002897475,2348.7526041666715
2024-03-08,67514.3625,61434.027,65188.3,6432.6748002897475,2326.061718750003
2024-03-09,68464.37013888889,62309.473,66164.93,6432.6748002897475,2299.4404513888876
2024-03-10,69264.94583333333,63047.23,66988.914,6432.6748002897475,2276.0317708333314
2024-03-11,70463.07430555555,64154.51,68223.586,6432.6748002897475,2239.4883680555504
2024-03-12,71867.10833333334,65452.836,69672.63,6432.6748002897475,2194.475520833337
2024-03-13,72399.23680555556,65945.02,70222.375,6432.6748002897475,2176.861805555556
2024-03-14,72528.95069444444,66065.04,70356.43,6432.6748002897475,2172.521006944444
2024-03-15,68977.08055555556,62781.953,66692.53,6432.6748002897475,2284.549305555556
2024-03-16,68568.91666666667,62405.824,66272.484,6432.6748002897475,2296.4322916666715
2024-03-17,66687.17222222222,60671.746,64338.992,6432.6748002897475,2348.180034722216
2024-03-18,67866.86666666667,61758.863,65550.53,6432.6748002897475,2316.3354166666686
2024-03-19,65048.50833333333,59161.684,62659.65,6432.6748002897475,2388.8598958333314
2024-03-20,63140.95277777778,57405.69,60710.453,6432.6748002897475,2430.4996527777766
2024-03-21,66975.09305555555,60937.074,64634.496,6432.6748002897475,2340.5969618055533
2024-03-22,65007.66458333333,59124.05,62617.863,6432.6748002897475,2389.8013020833314
2024-03-23,64301.99236111111,58473.754,61896.094,6432.6748002897475,2405.898611111108
2024-03-24,64909.93958333333,59033.992,62517.848,6432.6748002897475,2392.091927083333
2024-03-25,67719.52430555556,61623.086,65399.098,6432.6748002897475,2320.426649305562
2024-03-26,70418.45,64113.246,68177.57,6432.6748002897475,2240.879687499997
2024-03-27,69896.92222222222,63630.98,67639.94,6432.6748002897475,2256.984722222216
2024-03-28,70118.47777777778,63835.855,67868.3,6432.6748002897475,2250.180902777778
2024-03-29,70224.33888888889,63933.746,67977.44,6432.6748002897475,2246.9013888888876
2024-03-30,69985.45347222222,63712.848,67731.195,6432.6748002897475,2254.258159722216
2024-03-31,70242.87083333333,63950.883,67996.53,6432.6748002897475,2246.3395833333343
2024-04-01,69925.02291666667,63656.96,67668.91,6432.6748002897475,2256.1166666666686
2024-04-02,67032.36944444444,60989.863,64693.293,6432.6748002897475,2339.076475694441
2024-04-03,66020.19097222222,60057.117,63654.945,6432.6748002897475,2365.245659722219
2024-04-04,66590.10763888889,60582.31,64239.4,6432.6748002897475,2350.7092013888905
2024-04-05,67557.03472222222,61473.348,65232.14,6432.6748002897475,2324.894097222219
2024-04-06,67916.52708333333,61804.63,65601.58,6432.6748002897475,2314.9489583333343
2024-04-07,69307.38958333334,63086.34,67032.62,6432.6748002897475,2274.772395833337
2024-04-08,70679.89236111111,64355.0,68447.22,6432.6748002897475,2232.6736111111095
2024-04-09,70573.46666666666,64256.59,68337.45,6432.6748002897475,2236.01354166666
2024-04-10,68998.38333333333,62801.59,66714.46,6432.6748002897475,2283.9223958333314
2024-04-11,70434.75416666667,64128.32,68194.39,6432.6748002897475,2240.3635416666657
2024-04-12,70034.72708333333,63758.406,67781.98,6432.6748002897475,2252.7505208333314
2024-04-13,67198.03125,61142.52,64863.387,6432.6748002897475,2334.64453125
2024-04-14,63998.97152777778,58194.51,61586.418,6432.6748002897475,2412.5535590277796
2024-04-15,65233.59930555556,59332.246,62849.12,6432.6748002897475,2384.478211805559
2024-04-16,62956.53194444445,57236.258,60522.32,6432.6748002897475,2434.2116319444467
2024-04-17,62896.025,57180.664,60460.613,6432.6748002897475,2435.4117187500015
2024-04-18,62062.26875,56414.64,59610.977,6432.6748002897475,2451.292187500003
2024-04-19,63676.075,57897.344,61256.62,6432.6748002897475,2419.453906249997
2024-04-20,64096.19652777778,58284.113,61685.76,6432.6748002897475,2410.434809027778
2024-04-21,64963.361805555556,59083.223,62572.52,6432.6748002897475,2390.842274305556
2024-04-22,65728.99722222223,59788.773,63356.51,6432.6748002897475,2372.4855034722277
2024-04-23,66548.05138888888,60543.547,64196.254,6432.6748002897475,2351.797482638882
2024-04-24,66093.75069444445,60124.9,63730.344,6432.6748002897475,2363.4069444444467
2024-04-25,64092.37291666667,58280.59,61681.85,6432.6748002897475,2410.521354166667
2024-04-26,64272.42916666667,58446.516,61865.867,6432.6748002897475,2406.5619791666686
2024-04-27,63159.822916666664,57423.03,60729.695,6432.6748002897475,2430.1276041666642
2024-04-28,63641.04027777778,57865.156,61220.85,6432.6748002897475,2420.188715277778
2024-04-29,62754.42569444444,57050.57,60316.227,6432.6748002897475,2438.1991319444423
2024-04-30,62295.040972222225,56628.5,59848.05,6432.6748002897475,2446.990190972225
2024-05-01,58686.70763888889,53313.293,56185.617,6432.6748002897475,2501.090451388889
2024-05-02,58107.23819444444,52780.9,55600.098,6432.6748002897475,2507.1405381944423
2024-05-03,60038.79652777778,54555.55,57554.746,6432.6748002897475,2484.0504340277766
2024-05-04,63261.09444444445,57516.08,60833.043,6432.6748002897475,2428.0514756944467
2024-05-05,63766.00763888889,57979.973,61348.45,6432.6748002897475,2417.558420138892
2024-05-06,63983.48333333333,58180.246,61570.598,6432.6748002897475,2412.88567708333
2024-05-07,63572.6625,57802.332,61151.035,6432.6748002897475,2421.6273437499985
2024-05-08,62497.36041666667,56814.387,60054.195,6432.6748002897475,2443.16510416667
2024-05-09,61534.05486111111,55929.336,59073.402,6432.6748002897475,2460.652517361108
2024-05-10,62419.67152777778,56743.004,59975.01,6432.6748002897475,2444.6598090277766
2024-05-11,60871.67847222222,55320.77,58400.09,6432.6748002897475,2471.588628472222
2024-05-12,61078.134722222225,55510.453,58609.86,6432.6748002897475,2468.275347222225
2024-05-13,62050.04861111111,56403.41,59598.54,6432.6748002897475,2451.5095486111095
2024-05-14,62131.48541666667,56478.23,59681.457,6432.6748002897475,2450.02838541667
2024-05-15,62832.88680555556,57122.66,60396.22,6432.6748002897475,2436.6680555555577
2024-05-16,65923.84166666666,59968.324,63556.18,6432.6748002897475,2367.66197916666
2024-05-17,66011.67638888888,60049.26,63646.21,6432.6748002897475,2365.465451388882
2024-05-18,66947.72222222222,60911.855,64606.4,6432.6748002897475,2341.323784722219
2024-05-19,66977.23958333333,60939.05,64636.695,6432.6748002897475,2340.5442708333285
2024-05-20,67034.51527777778,60991.836,64695.496,6432.6748002897475,2339.019184027784
2024-05-21,70607.15625,64287.734,68372.19,6432.6748002897475,2234.96875
2024-05-22,69916.11597222222,63648.73,67659.73,6432.6748002897475,2256.389409722222
2024-05-23,69024.96180555556,62826.082,66741.82,6432.6748002897475,2283.141493055562
2024-05-24,67710.44236111111,61614.72,65389.77,6432.6748002897475,2320.6728298611124
2024-05-25,68911.57569444444,62721.59,66625.1,6432.6748002897475,2286.474131944444
2024-05-26,69053.41805555555,62852.3,66771.12,6432.6748002897475,2282.3008680555504
2024-05-27,68956.55902777778,62763.04,66671.41,6432.6748002897475,2285.152777777781
2024-05-28,68398.06180555555,62248.375,66096.73,6432.6748002897475,2301.3352430555533
2024-05-29,68056.19097222222,61933.336,65745.16,6432.6748002897475,2311.034722222219
2024-05-30,68023.93263888889,61903.61,65711.99,6432.6748002897475,2311.9404513888876
2024-05-31,68104.6625,61978.0,65794.99,6432.6748002897475,2309.670312500006
2024-06-01,67636.44583333333,61546.527,65313.73,6432.6748002897475,2322.7153645833314
2024-06-02,67775.70138888889,61674.855,65456.84,6432.6748002897475,2318.8615451388905
2024-06-03,68738.10694444444,62561.73,66446.57,6432.6748002897475,2291.536631944444
2024-06-04,69368.57569444444,63142.723,67095.625,6432.6748002897475,2272.950694444444
2024-06-05,70940.3,64595.81,68715.87,6432.6748002897475,2224.432812500003
2024-06-06,71073.59375,64719.066,68853.41,6432.6748002897475,2220.1875
2024-06-07,70853.98819444445,64515.99,68626.81,6432.6748002897475,2227.1756944444496
2024-06-08,69364.31805555556,63138.8,67091.25,6432.6748002897475,2273.068055555559
2024-06-09,69401.43263888889,63173.004,67129.47,6432.6748002897475,2271.9638888888876
2024-06-10,69592.08333333333,63349.09,67325.836,6432.6748002897475,2266.2473958333285
2024-06-11,67839.73402777778,61733.86,65522.64,6432.6748002897475,2317.093402777784
2024-06-12,68036.27916666666,61914.98,65724.69,6432.6748002897475,2311.59166666666
2024-06-13,67588.73263888889,61502.56,65264.707,6432.6748002897475,2324.0256076388905
2024-06-14,66614.4361111111,60604.727,64264.36,6432.6748002897475,2350.0767361111066
2024-06-15,66137.07708333334,60164.832,63774.77,6432.6748002897475,2362.307552083337
2024-06-16,66316.33472222222,60330.02,63958.574,6432.6748002897475,2357.760503472222
2024-06-17,66172.56597222222,60197.53,63811.152,6432.6748002897475,2361.413628472219
2024-06-18,65447.85555555556,59529.695,63068.52,6432.6748002897475,2379.3360243055577
2024-06-19,65140.013194444444,59246.01,62753.316,6432.6748002897475,2386.696788194444
2024-06-20,65239.67361111111,59337.85,62855.344,6432.6748002897475,2384.3298611111095
2024-06-21,64312.92847222222,58483.836,61907.26,6432.6748002897475,2405.666753472222
2024-06-22,64237.9375,58414.727,61830.605,6432.6748002897475,2407.33203125
2024-06-23,64278.584027777775,58452.188,61872.16,6432.6748002897475,2406.423871527775
2024-06-24,62068.989583333336,56420.812,59617.83,6432.6748002897475,2451.1614583333358
2024-06-25,60954.794444444444,55397.133,58484.523,6432.6748002897475,2470.271006944444
2024-06-26,61590.623611111114,55981.31,59130.94,6432.6748002897475,2459.682204861114
2024-06-27,61163.50277777778,55588.883,58696.62,6432.6748002897475,2466.8816840277796
2024-06-28,61335.42569444444,55746.84,58871.4,6432.6748002897475,2464.0272569444423
2024-06-29,60726.07083333333,55186.99,58252.2,6432.6748002897475,2473.8716145833314
2024-06-30,61213.36736111111,55634.7,58747.32,6432.6748002897475,2466.047048611108
2024-07-01,62944.37569444445,57225.086,60509.918,6432.6748002897475,2434.4577256944467
2024-07-02,62636.998611111114,56942.684,60196.504,6432.6748002897475,2440.494704861114
2024-07-03,60878.65,55327.17,58407.17,6432.6748002897475,2471.4781250000015
2024-07-04,58577.04305555556,53212.54,56074.75,6432.6748002897475,2502.2930555555577
2024-07-05,55998.86944444444,50846.68,53476.47,6432.6748002897475,2522.400694444441
2024-07-06,56796.94861111111,51578.45,54279.055,6432.6748002897475,2517.893923611111
2024-07-07,57569.81597222222,52287.133,55057.777,6432.6748002897475,2512.038628472219
2024-07-08,56234.885416666664,51063.086,53713.652,6432.6748002897475,2521.2330729166642
2024-07-09,57195.80416666667,51944.164,54680.76,6432.6748002897475,2515.0424479166686
2024-07-10,58155.70277777778,52825.42,55649.043,6432.6748002897475,2506.6598090277766
2024-07-11,57902.94652777778,52593.195,55393.863,6432.6748002897475,2509.083246527778
2024-07-12,57426.55138888889,52155.74,54913.316,6432.6748002897475,2513.234982638889
2024-07-13,58210.16180555556,52875.465,55704.047,6432.6748002897475,2506.114930555559
2024-07-14,59730.46111111111,54272.258,57242.168,6432.6748002897475,2488.293142361108
2024-07-15,62379.236805555556,56705.855,59933.82,6432.6748002897475,2445.416493055556
2024-07-16,64066.64444444444,58256.875,61655.56,6432.6748002897475,2411.0858506944423
2024-07-17,65103.95138888889,59212.78,62716.402,6432.6748002897475,2387.5490451388905
2024-07-18,64403.745833333334,58567.523,62000.105,6432.6748002897475,2403.6403645833343
2024-07-19,64551.09652777778,58703.316,62150.773,6432.6748002897475,2400.3230902777796
2024-07-20,66766.63333333333,60744.977,64420.53,6432.6748002897475,2346.1020833333314
2024-07-21,67072.79236111112,61027.11,64734.793,6432.6748002897475,2337.999392361118
2024-07-22,67610.18263888889,61522.324,65286.742,6432.6748002897475,2323.4404513888876
2024-07-23,66928.29375,60893.95,64586.453,6432.6748002897475,2341.840624999997
2024-07-24,66135.18541666666,60163.082,63772.824,6432.6748002897475,2362.36119791666
2024-07-25,64613.58819444444,58760.9,62214.684,6432.6748002897475,2398.904600694441
2024-07-26,66871.48333333334,60841.598,64528.14,6432.6748002897475,2343.342708333337
2024-07-27,68206.33888888889,62071.695,65899.55,6432.6748002897475,2306.7920138888876
2024-07-28,67858.60694444444,61751.258,65542.05,6432.6748002897475,2316.560069444444
2024-07-29,68737.16180555556,62560.863,66445.6,6432.6748002897475,2291.560243055559
2024-07-30,66553.57986111111,60548.65,64201.93,6432.6748002897475,2351.6501736111095
2024-07-31,66195.74791666666,60218.895,63834.914,6432.6748002897475,2360.83385416666
2024-08-01,64135.80625,58320.61,61726.234,6432.6748002897475,2409.5718750000015
2024-08-02,64232.9375,58410.12,61825.504,6432.6748002897475,2407.43359375
2024-08-03,61497.97638888889,55896.195,59036.707,6432.6748002897475,2461.269357638892
2024-08-04,60245.763194444444,54745.7,57764.67,6432.6748002897475,2481.091319444444
2024-08-05,54174.104166666664,49173.53,51644.348,6432.6748002897475,2529.7565104166642
2024-08-06,55553.677777777775,50438.477,53029.06,6432.6748002897475,2524.619184027775
2024-08-07,56554.41736111111,51356.07,54034.992,6432.6748002897475,2519.425173611111
2024-08-08,57283.975,52025.008,54769.6,6432.6748002897475,2514.3734374999985
2024-08-09,60745.302083333336,55204.656,58271.723,6432.6748002897475,2473.5794270833358
2024-08-10,60679.00763888889,55143.754,58204.41,6432.6748002897475,2474.597482638892
2024-08-11,60801.07916666667,55255.902,58328.375,6432.6748002897475,2472.70416666667
2024-08-12,58952.75902777778,53557.734,56454.707,6432.6748002897475,2498.051996527778
2024-08-13,59466.5,54029.74,56974.746,6432.6748002897475,2491.75390625
2024-08-14,60446.3,54929.95,57968.16,6432.6748002897475,2478.139843750003
2024-08-15,58676.73402777778,53304.13,56175.535,6432.6748002897475,2501.1988715277766
2024-08-16,58148.02847222222,52818.37,55641.297,6432.6748002897475,2506.7315972222204
2024-08-17,59253.754166666666,53834.277,56759.32,6432.6748002897475,2494.4338541666657
2024-08-18,59653.91736111111,54201.93,57164.605,6432.6748002897475,2489.311892361111
2024-08-19,58715.80763888889,53340.027,56215.04,6432.6748002897475,2500.7685763888876
2024-08-20,60087.51666666667,54600.305,57604.152,6432.6748002897475,2483.36432291667
2024-08-21,59532.825694444444,54090.68,57041.93,6432.6748002897475,2490.896006944444
2024-08-22,60827.88958333333,55280.535,58355.613,6432.6748002897475,2472.27630208333
2024-08-23,61171.94097222222,55596.645,58705.203,6432.6748002897475,2466.737847222219
2024-08-24,64122.834027777775,58308.652,61712.977,6432.6748002897475,2409.857465277775
2024-08-25,64082.49375,58271.484,61671.754,6432.6748002897475,2410.7398437500015
2024-08-26,63906.964583333334,58109.73,61492.426,6432.6748002897475,2414.5388020833343
2024-08-27,62623.29791666667,56930.094,60182.543,6432.6748002897475,2440.75494791667
2024-08-28,59524.722916666666,54083.227,57033.71,6432.6748002897475,2491.0119791666657
2024-08-29,59667.342361111114,54214.27,57178.207,6432.6748002897475,2489.135329861114
2024-08-30,59151.475694444445,53740.305,56655.785,6432.6748002897475,2495.6905381944453
2024-08-31,59100.510416666664,53693.48,56604.207,6432.6748002897475,2496.3033854166642
2024-09-01,58395.19375,53045.46,55890.97,6432.6748002897475,2504.2249999999985
2024-09-02,58036.45972222222,52715.867,55528.637,6432.6748002897475,2507.823003472222
2024-09-03,58775.80763888889,53395.156,56275.71,6432.6748002897475,2500.0967013888876
2024-09-04,57150.643055555556,51902.754,54635.25,6432.6748002897475,2515.393055555556
2024-09-05,57132.268055555556,51885.906,54616.734,6432.6748002897475,2515.533680555556
2024-09-06,55696.39027777778,50569.336,53172.586,6432.6748002897475,2523.8043402777766
2024-09-07,54143.07638888889,49145.082,51613.26,6432.6748002897475,2529.8146701388905
2024-09-08,54285.68263888889,49275.836,51756.152,6432.6748002897475,2529.5302951388876
2024-09-09,55248.10763888889,50158.297,52721.92,6432.6748002897475,2526.1857638888905
2024-09-10,57046.50069444445,51807.26,54530.34,6432.6748002897475,2516.1608506944467
2024-09-11,56953.243055555555,51721.754,54436.418,6432.6748002897475,2516.8250868055547
2024-09-12,57919.71875,52608.61,55410.797,6432.6748002897475,2508.921875
2024-09-13,58744.61041666667,53366.492,56244.17,6432.6748002897475,2500.43854166667
2024-09-14,60043.73263888889,54560.08,57559.75,6432.6748002897475,2483.9826388888905
2024-09-15,60001.57361111111,54521.344,57517.004,6432.6748002897475,2484.569704861111
2024-09-16,58329.00555555556,52984.656,55824.086,6432.6748002897475,2504.919618055559
2024-09-17,59369.638194444444,53940.746,56876.652,6432.6748002897475,2492.985850694444
2024-09-18,60152.751388888886,54660.242,57670.316,6432.6748002897475,2482.434982638886
2024-09-19,62669.925,56972.93,60230.074,6432.6748002897475,2439.850781250003
2024-09-20,63216.30486111111,57474.926,60787.344,6432.6748002897475,2428.961111111108
2024-09-21,63102.73819444444,57370.582,60671.465,6432.6748002897475,2431.2733506944423
2024-09-22,62964.67013888889,57243.734,60530.617,6432.6748002897475,2434.0529513888905
2024-09-23,63523.45416666667,57757.125,61100.8,6432.6748002897475,2422.65338541667
2024-09-24,63522.1,57755.883,61099.414,6432.6748002897475,2422.6859374999985
2024-09-25,63751.8125,57966.934,61333.96,6432.6748002897475,2417.8515625
2024-09-26,64277.67361111111,58451.344,61871.23,6432.6748002897475,2406.4431423611095
2024-09-27,65624.35555555555,59692.34,63249.3,6432.6748002897475,2375.0547743055504
2024-09-28,65765.00555555556,59821.957,63393.406,6432.6748002897475,2371.599305555559
2024-09-29,65728.73402777778,59788.53,63356.24,6432.6748002897475,2372.495746527784
2024-09-30,64022.236805555556,58215.957,61610.184,6432.6748002897475,2412.053211805556
2024-10-01,62845.20138888889,57133.973,60408.777,6432.6748002897475,2436.4240451388905
2024-10-02,61272.54305555556,55689.07,58807.477,6432.6748002897475,2465.0664930555577
2024-10-03,60787.0625,55243.027,58314.14,6432.6748002897475,2472.921875
2024-10-04,61559.62291666667,55952.83,59099.414,6432.6748002897475,2460.208854166667
2024-10-05,62060.990277777775,56413.465,59609.684,6432.6748002897475,2451.306684027775
2024-10-06,62273.96666666667,56609.137,59826.58,6432.6748002897475,2447.388541666667
2024-10-07,63369.49375,57615.676,60943.668,6432.6748002897475,2425.8257812500015
2024-10-08,62399.748611111114,56724.707,59954.723,6432.6748002897475,2445.025954861114
2024-10-09,61816.42222222222,56188.76,59360.703,6432.6748002897475,2455.7190972222234
2024-10-10,60512.794444444444,54991.04,58035.652,6432.6748002897475,2477.142100694444
2024-10-11,61502.08194444444,55899.96,59040.883,6432.6748002897475,2461.1991319444423
2024-10-12,62916.854166666664,57199.805,60481.855,6432.6748002897475,2434.9986979166642
2024-10-13,62723.06319444445,57021.754,60284.25,6432.6748002897475,2438.8131944444467
2024-10-14,64786.393055555556,58920.145,62391.45,6432.6748002897475,2394.943836805556
2024-10-15,66080.77430555556,60112.94,63717.043,6432.6748002897475,2363.731336805562
2024-10-16,67494.61736111112,61415.832,65168.016,6432.6748002897475,2326.6017361111153
2024-10-17,67248.65069444444,61189.164,64915.375,6432.6748002897475,2333.275694444441
2024-10-18,68121.76180555555,61993.758,65812.58,6432.6748002897475,2309.1836805555504
2024-10-19,68290.01736111111,62148.812,65985.59,6432.6748002897475,2304.4236111111095
2024-10-20,68456.15416666666,62301.902,66156.48,6432.6748002897475,2299.67760416666
2024-10-21,68142.68055555556,62013.035,65834.086,6432.6748002897475,2308.594618055562
2024-10-22,67308.61111111111,61244.418,64976.945,6432.6748002897475,2331.6657986111095
2024-10-23,66564.00486111111,60558.25,64212.625,6432.6748002897475,2351.3798611111124
2024-10-24,67480.75902777778,61403.062,65153.78,6432.6748002897475,2326.977777777778
2024-10-25,67580.35625,61494.84,65256.098,6432.6748002897475,2324.258593749997
2024-10-26,66925.44375,60891.33,64583.523,6432.6748002897475,2341.920312500006
2024-10-27,67370.4048611111,61301.36,65040.41,6432.6748002897475,2329.9947048611066
2024-10-28,68606.39861111112,62440.363,66311.06,6432.6748002897475,2295.3361111111153
2024-10-29,71576.40972222222,65184.027,69372.43,6432.6748002897475,2203.980034722219
2024-10-30,72219.30416666667,65778.57,70036.45,6432.6748002897475,2182.8510416666686
2024-10-31,71504.19236111111,65117.246,69297.87,6432.6748002897475,2206.3251736111124
2024-11-01,69688.43263888889,63438.184,67425.12,6432.6748002897475,2263.3154513888876
2024-11-02,69512.35763888889,63275.367,67243.72,6432.6748002897475,2268.6388888888905
2024-11-03,68480.55763888889,62324.39,66181.586,6432.6748002897475,2298.9717013888876
2024-11-04,68434.94375,62282.367,66134.664,6432.6748002897475,2300.279687500006
2024-11-05,68971.75625,62777.047,66687.055,6432.6748002897475,2284.701562500006
2024-11-06,74166.95416666666,67580.38,72050.59,6432.6748002897475,2116.360416666663
2024-11-07,75434.57152777778,68753.13,73363.28,6432.6748002897475,2071.290277777778
2024-11-08,76219.95347222222,69479.734,74177.195,6432.6748002897475,2042.758159722216
2024-11-09,76435.07986111111,69678.75,74400.22,6432.6748002897475,2034.8611111111095
2024-11-10,79175.11041666666,72215.7,77243.14,6432.6748002897475,1931.9697916666628
2024-11-11,83222.10486111112,75965.3,81447.31,6432.6748002897475,1774.7923611111182
2024-11-12,88066.89513888888,80454.07,86481.63,6432.6748002897475,1585.2623263888818
2024-11-13,89057.21666666666,81371.62,87510.09,6432.6748002897475,1547.1229166666599
2024-11-14,89716.82986111111,81982.76,88194.914,6432.6748002897475,1521.9157986111095
2024-11-15,89181.14444444445,81486.44,87638.79,6432.6748002897475,1542.3553819444496
2024-11-16,91108.52222222222,83272.17,89639.1,6432.6748002897475,1469.420659722222
2024-11-17,90364.475,82582.805,88867.09,6432.6748002897475,1497.3812500000058
2024-11-18,90981.17986111112,83154.195,89507.01,6432.6748002897475,1474.1720486111153
2024-11-19,92005.55555555556,84103.29,90569.44,6432.6748002897475,1436.118055555562
2024-11-20,93397.59722222222,85393.04,92012.15,6432.6748002897475,1385.448784722219
2024-11-21,97156.21666666666,88878.51,95900.164,6432.6748002897475,1256.0526041666599
2024-11-22,98805.4361111111,90409.91,97601.984,6432.6748002897475,1203.4517361111066
2024-11-23,98409.84444444445,90042.56,97194.05,6432.6748002897475,1215.7975694444467
2024-11-24,97524.96597222223,89220.91,96280.93,6432.6748002897475,1244.0362847222277
2024-11-25,96827.76319444444,88573.54,95560.9,6432.6748002897475,1266.8647569444438
2024-11-26,93150.87083333333,85164.44,91756.54,6432.6748002897475,1394.3317708333343
2024-11-27,94273.31666666667,86204.39,92919.06,6432.6748002897475,1354.2541666666657
2024-11-28,95455.28958333333,87299.71,94142.18,6432.6748002897475,1313.1098958333314
2024-11-29,96862.99583333333,88606.25,95597.305,6432.6748002897475,1265.6911458333343
2024-11-30,96749.3451388889,88500.73,95479.9,6432.6748002897475,1269.4467013888934
2024-12-01,96923.9076388889,88662.805,95660.22,6432.6748002897475,1263.6888888888934
2024-12-02,96107.51805555556,87904.76,94816.6,6432.6748002897475,1290.9164930555562
2024-12-03,95544.14583333333,87382.1,94234.08,6432.6748002897475,1310.0677083333285
2024-12-04,96533.64722222222,88300.43,95257.016,6432.6748002897475,1276.631597222222
2024-12-05,101169.01736111111,92604.8,100035.695,6432.6748002897475,1133.3220486111095
2024-12-06,98990.19513888888,90581.48,97792.46,6432.6748002897475,1197.7342013888847
2024-12-07,99855.1625,91384.72,98683.68,6432.6748002897475,1171.4828125000058
2024-12-08,99869.39722222222,91397.93,98698.336,6432.6748002897475,1171.061284722222
2024-12-09,98511.08819444444,90136.57,97298.47,6432.6748002897475,1212.619444444441
2024-12-10,96901.18402777778,88641.71,95636.74,6432.6748002897475,1264.441840277781
2024-12-11,98895.94166666667,90493.96,97695.3,6432.6748002897475,1200.6447916666657
2024-12-12,100803.26666666666,92265.16,99659.54,6432.6748002897475,1143.7276041666628
2024-12-13,100513.10069444444,91995.7,99360.98,6432.6748002897475,1152.124131944438
2024-12-14,101524.49027777778,92934.9,100401.125,6432.6748002897475,1123.3652777777752
2024-12-15,102533.78402777777,93872.164,101437.81,6432.6748002897475,1095.9715277777723
2024-12-16,105337.57638888889,96475.96,104310.266,6432.6748002897475,1027.3107638888905
2024-12-17,106746.60763888889,97784.484,105749.35,6432.6748002897475,997.2560763888905
2024-12-18,103943.08472222222,95180.92,102883.03,6432.6748002897475,1060.053472222222
2024-12-19,100201.72986111112,91706.555,99040.516,6432.6748002897475,1161.2142361111182
2024-12-20,96352.02569444444,88131.79,95069.31,6432.6748002897475,1282.713194444441
2024-12-21,97645.86875,89333.18,96405.734,6432.6748002897475,1240.1343749999942
2024-12-22,96220.03680555556,88009.22,94932.91,6432.6748002897475,1287.130555555559
2024-12-23,94674.87986111111,86576.46,93334.734,6432.6748002897475,1340.1454861111124
2024-12-24,95811.20763888888,87629.71,94510.25,6432.6748002897475,1300.9576388888818
2024-12-25,98395.975,90029.695,97179.74,6432.6748002897475,1216.2328125000058
2024-12-26,96644.92708333333,88403.76,95372.0,6432.6748002897475,1272.9270833333285
2024-12-27,95456.85694444444,87301.164,94143.79,6432.6748002897475,1313.0678819444438
2024-12-28,94571.40555555555,86480.586,93227.64,6432.6748002897475,1343.7649305555533
2024-12-29,94428.69861111112,86348.37,93079.914,6432.6748002897475,1348.7845486111182
2024-12-30,93298.51111111112,85301.23,91909.5,6432.6748002897475,1389.0111111111182
2024-12-31,93610.52569444444,85590.32,92232.72,6432.6748002897475,1377.806944444441
2025-01-01,93780.77638888889,85748.06,92409.04,6432.6748002897475,1371.7373263888876
2025-01-02,96195.71944444445,87986.66,94907.77,6432.6748002897475,1287.9460069444467
2025-01-03,97212.82777777778,88931.08,95958.62,6432.6748002897475,1254.210590277784
2025-01-04,98017.66736111112,89678.414,96789.445,6432.6748002897475,1228.2220486111182
2025-01-05,98064.33333333333,89721.74,96837.61,6432.6748002897475,1226.7239583333285
2025-01-06,100180.45208333334,91686.8,99018.62,6432.6748002897475,1161.8348958333372
2025-01-07,99895.45069444444,91422.125,98725.16,6432.6748002897475,1170.2944444444438
2025-01-08,95458.01736111111,87302.24,94145.0,6432.6748002897475,1313.0173611111095
2025-01-09,93434.15208333333,85426.91,92050.02,6432.6748002897475,1384.1286458333343
2025-01-10,94225.6625,86160.24,92869.73,6432.6748002897475,1355.9359375000058
2025-01-11,94367.00347222222,86291.21,93016.05,6432.6748002897475,1350.956597222219
2025-01-12,94495.42361111111,86410.19,93148.984,6432.6748002897475,1346.4392361111095
2025-01-13,92994.16736111112,85019.26,91594.17,6432.6748002897475,1399.9954861111182
2025-01-14,95870.23263888889,87684.445,94571.29,6432.6748002897475,1298.9435763888905
2025-01-15,98070.07847222222,89727.07,96843.53,6432.6748002897475,1226.547222222216
2025-01-16,99520.4125,91073.86,98338.87,6432.6748002897475,1181.5453125000058
2025-01-17,102819.79513888889,94137.75,101731.33,6432.6748002897475,1088.4670138888905
2025-01-18,103766.83055555556,95017.24,102702.42,6432.6748002897475,1064.4086805555562
2025-01-19,104578.14930555556,95770.695,103533.375,6432.6748002897475,1044.774305555562
2025-01-20,104565.40347222223,95758.85,103520.33,6432.6748002897475,1045.0753472222277
2025-01-21,103852.39930555556,95096.7,102790.12,6432.6748002897475,1062.282118055562
2025-01-22,104898.70416666666,96068.38,103861.41,6432.6748002897475,1037.2979166666628
2025-01-23,103227.88055555556,94516.73,102149.94,6432.6748002897475,1077.943055555559
2025-01-24,105060.48611111111,96218.63,104026.91,6432.6748002897475,1033.5798611111095
2025-01-25,104686.53819444444,95871.34,103644.29,6432.6748002897475,1042.249131944438
2025-01-26,104801.64236111111,95978.24,103762.086,6432.6748002897475,1039.5564236111095
2025-01-27,100385.58402777778,91877.28,99229.76,6432.6748002897475,1155.8262152777752
2025-01-28,102366.89652777778,93717.19,101266.484,6432.6748002897475,1100.4121527777752
2025-01-29,102493.9701388889,93835.18,101396.92,6432.6748002897475,1097.0482638888934
2025-01-30,105099.55138888888,96254.91,104066.87,6432.6748002897475,1032.6842013888818
2025-01-31,104013.46388888889,95246.27,102955.125,6432.6748002897475,1058.3388888888876
2025-02-01,101963.70486111111,93342.766,100852.42,6432.6748002897475,1111.2829861111095
2025-02-02,99070.88680555555,90656.414,97875.66,6432.6748002897475,1195.2305555555504
2025-02-03,96907.95347222222,88648.0,95643.734,6432.6748002897475,1264.219097222216
2025-02-04,99358.85486111112,90923.83,98172.41,6432.6748002897475,1186.4486111111182
2025-02-05,97779.65208333333,89457.4,96543.82,6432.6748002897475,1235.8317708333343
2025-02-06,97500.72708333333,89198.414,96255.9,6432.6748002897475,1244.8286458333314
2025-02-07,97327.58263888888,89037.63,96077.125,6432.6748002897475,1250.4576388888818
2025-02-08,96313.18333333333,88095.72,95029.18,6432.6748002897475,1284.0036458333343
2025-02-09,96557.92291666666,88322.98,95282.1,6432.6748002897475,1275.8213541666628
2025-02-10,97225.37083333333,88942.73,95971.58,6432.6748002897475,1253.7927083333343
2025-02-11,97182.45208333334,88902.87,95927.25,6432.6748002897475,1255.2020833333372
2025-02-12,96260.49166666667,88046.79,94974.72,6432.6748002897475,1285.7729166666686
2025-02-13,96417.24513888889,88192.35,95136.734,6432.6748002897475,1280.5107638888876
2025-02-14,97102.64236111111,88828.766,95844.836,6432.6748002897475,1257.8064236111095
2025-02-15,97596.29652777778,89287.15,96354.55,6432.6748002897475,1241.749652777784
2025-02-16,97201.65069444444,88920.695,95947.08,6432.6748002897475,1254.572569444441
2025-02-17,96095.29791666666,87893.41,94803.96,6432.6748002897475,1291.3369791666628
2025-02-18,95405.83263888888,87253.86,94091.02,6432.6748002897475,1314.8092013888818
2025-02-19,95945.53888888888,87754.34,94649.15,6432.6748002897475,1296.3904513888847
2025-02-20,97475.90694444445,89175.37,96230.266,6432.6748002897475,1245.6413194444467
2025-02-21,97763.45277777778,89442.35,96527.1,6432.6748002897475,1236.351215277784
2025-02-22,96489.20208333334,88259.164,95211.086,6432.6748002897475,1278.1161458333372
2025-02-23,96076.425,87875.88,94784.46,6432.6748002897475,1291.964062500003
2025-02-24,95098.70069444444,86969.14,93773.29,6432.6748002897475,1325.4116319444438
2025-02-25,89334.65972222222,81628.664,87798.17,6432.6748002897475,1536.487847222219
2025-02-26,87237.29375,79685.42,85619.83,6432.6748002897475,1617.465624999997
2025-02-27,85168.71597222223,77768.87,83470.36,6432.6748002897475,1698.3565972222277
2025-02-28,81971.31736111111,74806.43,80147.55,6432.6748002897475,1823.7704861111124
2025-03-01,85087.84375,77693.93,83386.305,6432.6748002897475,1701.5390625
2025-03-02,88360.6375,80726.23,86786.71,6432.6748002897475,1573.926562499997
2025-03-03,90830.60486111112,83014.68,89350.79,6432.6748002897475,1479.8157986111182
2025-03-04,84708.30486111112,77342.29,82991.87,6432.6748002897475,1716.4376736111153
2025-03-05,88708.40555555555,81048.445,87147.89,6432.6748002897475,1560.5149305555533
2025-03-06,90538.66527777778,82744.2,89047.875,6432.6748002897475,1490.790277777778
2025-03-07,88039.46041666667,80428.66,86453.13,6432.6748002897475,1586.3276041666686
2025-03-08,86183.99097222222,78709.52,84525.414,6432.6748002897475,1658.576909722222
2025-03-09,84344.68680555555,77005.38,82613.97,6432.6748002897475,1730.7180555555533
2025-03-10,80953.91805555555,73863.79,79090.516,6432.6748002897475,1863.4024305555504
2025-03-11,81024.86736111112,73929.53,79164.21,6432.6748002897475,1860.6564236111153
2025-03-12,82551.0625,75343.58,80749.98,6432.6748002897475,1801.0859375
2025-03-13,82290.07986111111,75101.77,80478.766,6432.6748002897475,1811.3142361111095
2025-03-14,83137.4375,75886.86,81359.32,6432.6748002897475,1778.1171875
2025-03-15,84360.6392857143,77020.17,82630.55,6432.6748002897475,1730.0924107142928
2025-03-16,83578.12013888889,76295.15,81817.305,6432.6748002897475,1760.8154513888876
2025-03-17,83553.875,76272.69,81792.1,6432.6748002897475,1761.7734375
2025-03-18,82539.60763888889,75332.96,80738.06,6432.6748002897475,1801.5451388888905
2025-03-19,84052.04930555556,76734.25,82309.84,6432.6748002897475,1742.2055555555562
2025-03-20,85252.33333333333,77846.336,83557.25,6432.6748002897475,1695.0833333333285
2025-03-21,84119.37986111111,76796.64,82379.82,6432.6748002897475,1739.5595486111124
2025-03-22,84172.95555555556,76846.28,82435.5,6432.6748002897475,1737.4555555555562
2025-03-23,84665.82013888888,77302.92,82947.73,6432.6748002897475,1718.0935763888847
2025-03-24,87370.7201388889,79809.05,85758.45,6432.6748002897475,1612.2670138888934
2025-03-25,87342.57083333333,79782.97,85729.2,6432.6748002897475,1613.3677083333314
2025-03-26,87333.77430555556,79774.81,85720.055,6432.6748002897475,1613.719618055562
2025-03-27,87230.46597222223,79679.1,85612.734,6432.6748002897475,1617.7315972222277
2025-03-28,85133.0326388889,77735.805,83433.28,6432.6748002897475,1699.7513888888934
2025-03-29,83124.44097222222,75874.81,81345.82,6432.6748002897475,1778.620659722219
2025-03-30,82855.44305555556,75625.586,81066.27,6432.6748002897475,1789.169618055559
2025-03-31,82368.54375,75174.47,80560.3,6432.6748002897475,1808.246874999997
2025-04-01,84049.0638888889,76731.49,82306.75,6432.6748002897475,1742.3138888888934
2025-04-02,85086.16111111111,77692.38,83384.56,6432.6748002897475,1701.5986111111124
2025-04-03,82788.96944444445,75563.99,80997.2,6432.6748002897475,1791.7663194444467
2025-04-04,83358.33125,76091.516,81588.9,6432.6748002897475,1769.432812500003
2025-04-05,83317.33472222222,76053.53,81546.28,6432.6748002897475,1771.053472222222
2025-04-06,81927.74930555555,74766.06,80102.266,6432.6748002897475,1825.4836805555533
2025-04-07,77772.47986111112,70916.14,75787.336,6432.6748002897475,1985.1439236111182
2025-04-08,78670.46041666667,71748.13,76719.234,6432.6748002897475,1951.2260416666686
2025-04-09,78366.88402777778,71466.87,76404.16,6432.6748002897475,1962.727777777778
2025-04-10,80990.12013888889,73897.336,79128.12,6432.6748002897475,1862.0029513888876
2025-04-11,82022.18055555556,74853.555,80200.4,6432.6748002897475,1821.782118055562
2025-04-12,84110.55902777778,76788.48,82370.66,6432.6748002897475,1739.902777777781
2025-04-13,84435.62152777778,77089.65,82708.484,6432.6748002897475,1727.137152777781
2025-04-14,84661.68263888889,77299.09,82943.42,6432.6748002897475,1718.2607638888876
2025-04-15,85018.29930555556,77629.49,83314.05,6432.6748002897475,1704.2524305555562
2025-04-16,84001.82013888888,76687.72,82257.65,6432.6748002897475,1744.1717013888847
2025-04-17,84575.28680555556,77219.05,82853.625,6432.6748002897475,1721.661805555559
2025-04-18,84620.78888888888,77261.2,82900.92,6432.6748002897475,1719.8670138888847
2025-04-19,85103.97847222222,77708.88,83403.08,6432.6748002897475,1700.9003472222248
2025-04-20,84768.64513888888,77398.195,83054.59,6432.6748002897475,1714.0513888888818
2025-04-21,87298.30486111112,79741.95,85683.22,6432.6748002897475,1615.0861111111153
2025-04-22,89718.2375,81984.06,88196.38,6432.6748002897475,1521.854687500003
2025-04-23,93529.6125,85515.35,92148.92,6432.6748002897475,1380.690625000003
2025-04-24,93018.28680555556,85041.59,91619.164,6432.6748002897475,1399.122743055559
2025-04-25,94304.2875,86233.09,92951.12,6432.6748002897475,1353.1703125000058
2025-04-26,94501.29861111111,86415.625,93155.08,6432.6748002897475,1346.2204861111095
2025-04-27,94165.82013888888,86104.805,92807.77,6432.6748002897475,1358.0467013888847
2025-04-28,94374.13541666667,86297.81,93023.44,6432.6748002897475,1350.6979166666715
2025-04-29,94872.29861111111,86759.36,93539.05,6432.6748002897475,1333.2517361111095
2025-04-30,94506.2826388889,86420.24,93160.23,6432.6748002897475,1346.0560763888934
2025-05-01,95878.41875,87692.04,94579.75,6432.6748002897475,1298.668749999997
2025-05-02,97005.42291666666,88738.49,95744.42,6432.6748002897475,1261.0010416666628
2025-05-03,96331.02777777778,88112.29,95047.63,6432.6748002897475,1283.394965277781
2025-05-04,95605.79027777778,87439.25,94297.83,6432.6748002897475,1307.962152777778
2025-05-05,94391.39513888888,86313.805,93041.305,6432.6748002897475,1350.0904513888818
2025-05-06,94537.96041666667,86449.59,93193.01,6432.6748002897475,1344.9526041666686
2025-05-07,96836.22777777778,88581.38,95569.65,6432.6748002897475,1266.579340277778
2025-05-08,100057.20972222222,91572.35,98891.72,6432.6748002897475,1165.490972222222
2025-05-09,103002.2,94307.16,101918.47,6432.6748002897475,1083.731249999997
2025-05-10,103457.72430555556,94730.18,102385.61,6432.6748002897475,1072.114930555559
2025-05-11,104180.12708333334,95401.06,103125.84,6432.6748002897475,1054.2833333333401
2025-05-12,103568.21944444445,94832.8,102498.86,6432.6748002897475,1069.3600694444467
2025-05-13,103356.32361111112,94636.01,102281.65,6432.6748002897475,1074.6751736111182
2025-05-14,103613.85555555555,94875.18,102545.68,6432.6748002897475,1068.1758680555504
2025-05-15,102844.46319444444,94160.66,101756.64,6432.6748002897475,1087.822569444441
2025-05-16,103854.65902777777,95098.81,102792.44,6432.6748002897475,1062.2215277777723
2025-05-17,103193.29583333334,94484.61,102114.47,6432.6748002897475,1078.8270833333372
2025-05-18,104181.96944444445,95402.766,103127.734,6432.6748002897475,1054.2350694444467
2025-05-19,104190.47986111112,95410.67,103136.44,6432.6748002897475,1054.0423611111182
2025-05-20,105757.32361111112,96865.76,104739.29,6432.6748002897475,1018.0345486111182
2025-05-21,107469.80416666667,98456.1,106486.75,6432.6748002897475,983.0541666666686
2025-05-22,111007.9375,101745.94,110081.45,6432.6748002897475,926.484375
2025-05-23,109902.48888888888,100718.02,108960.7,6432.6748002897475,941.7857638888818
2025-05-24,108493.75972222222,99408.12,107529.33,6432.6748002897475,964.4315972222248
2025-05-25,107669.66736111112,98641.82,106690.4,6432.6748002897475,979.2689236111182
2025-05-26,109590.86527777778,100428.26,108644.38,6432.6748002897475,946.4824652777752
2025-05-27,109477.76527777778,100323.09,108529.54,6432.6748002897475,948.2262152777839
2025-05-28,108307.87986111111,99235.266,107340.21,6432.6748002897475,967.6689236111124
2025-05-29,107471.59861111111,98457.79,106488.586,6432.6748002897475,983.0126736111124
2025-05-30,105314.91597222222,96454.92,104287.09,6432.6748002897475,1027.8222222222248
2025-05-31,104123.67291666666,95348.63,103068.02,6432.6748002897475,1055.6494791666628
2025-06-01,104646.46319444444,95834.14,103603.27,6432.6748002897475,1043.189756944441
2025-06-02,104833.05555555556,96007.42,103794.234,6432.6748002897475,1038.821180555562
2025-06-03,105737.1875,96847.06,104718.72,6432.6748002897475,1018.46875
2025-06-04,105295.1861111111,96436.59,104266.93,6432.6748002897475,1028.2564236111066
2025-06-05,104032.12777777777,95263.61,102974.25,6432.6748002897475,1057.8777777777723
2025-06-06,103708.07430555555,94962.67,102642.22,6432.6748002897475,1065.8555555555504
2025-06-07,105264.83055555556,96408.41,104235.875,6432.6748002897475,1028.9555555555562
2025-06-08,105795.92083333334,96901.62,104778.734,6432.6748002897475,1017.1864583333372
2025-06-09,107272.62569444445,98273.0,106285.79,6432.6748002897475,986.8366319444467
2025-06-10,109471.80277777778,100317.54,108523.47,6432.6748002897475,948.3340277777752
2025-06-11,109392.79027777778,100244.08,108443.234,6432.6748002897475,949.5559027777781
2025-06-12,107489.47083333334,98474.375,106506.8,6432.6748002897475,982.6739583333401
2025-06-13,104855.27708333333,96028.055,103816.97,6432.6748002897475,1038.3083333333343
2025-06-14,105147.41111111111,96299.35,104115.805,6432.6748002897475,1031.6064236111124
2025-06-15,105393.45138888889,96527.84,104367.38,6432.6748002897475,1026.0685763888905
2025-06-16,107110.92847222222,98122.836,106120.94,6432.6748002897475,989.9909722222219
2025-06-17,105757.23472222222,96865.69,104739.2,6432.6748002897475,1018.0315972222161
2025-06-18,104755.21666666666,95935.12,103714.586,6432.6748002897475,1040.6307291666599
2025-06-19,104674.80347222222,95860.46,103632.29,6432.6748002897475,1042.514409722222
2025-06-20,104595.31666666667,95786.625,103550.93,6432.6748002897475,1044.3869791666657
2025-06-21,103267.45972222222,94553.49,102190.53,6432.6748002897475,1076.928472222222
2025-06-22,101326.42569444445,92750.97,100197.516,6432.6748002897475,1128.9100694444496
2025-06-23,102119.31527777777,93487.27,101012.25,6432.6748002897475,1107.0652777777723
2025-06-24,105448.36944444444,96578.84,104423.54,6432.6748002897475,1024.830381944441
2025-06-25,107017.2201388889,98035.8,106025.38,6432.6748002897475,991.8373263888934
2025-06-26,107500.21388888889,98484.35,106517.74,6432.6748002897475,982.4717013888876
2025-06-27,107109.42708333333,98121.44,106119.414,6432.6748002897475,990.0130208333285
2025-06-28,107319.47083333334,98316.5,106333.53,6432.6748002897475,985.9395833333401
2025-06-29,107690.97986111112,98661.63,106712.1,6432.6748002897475,978.8782986111182
2025-06-30,107790.43472222223,98754.125,106813.414,6432.6748002897475,977.0206597222277
2025-07-01,106506.91111111111,97561.89,105504.77,6432.6748002897475,1002.1376736111124
2025-07-02,107776.20208333334,98740.875,106798.914,6432.6748002897475,977.2880208333372
2025-07-03,109476.0298611111,100321.48,108527.77,6432.6748002897475,948.2564236111066
2025-07-04,108564.85902777778,99474.22,107601.65,6432.6748002897475,963.2105902777839
2025-07-05,108129.37152777778,99069.28,107158.516,6432.6748002897475,970.855902777781
2025-07-06,108456.22222222222,99373.2,107491.125,6432.6748002897475,965.097222222219
2025-07-07,108611.16111111111,99517.28,107648.76,6432.6748002897475,962.4032986111124
2025-07-08,108512.28888888888,99425.34,107548.18,6432.6748002897475,964.1092013888847
2025-07-09,109391.3138888889,100242.71,108441.734,6432.6748002897475,949.5795138888934
2025-07-10,112166.14861111112,102822.91,111253.23,6432.6748002897475,912.9220486111153
2025-07-11,117464.23888888888,107752.71,116579.22,6432.6748002897475,885.0201388888818
2025-07-12,117639.83194444445,107916.1,116754.72,6432.6748002897475,885.1131944444496
2025-07-13,118282.25208333334,108513.89,117396.2,6432.6748002897475,886.0489583333401
2025-07-14,120792.16805555555,110849.445,119893.5,6432.6748002897475,898.6680555555504
2025-07-15,117305.02152777778,107604.555,116420.02,6432.6748002897475,884.9980902777752
2025-07-16,118633.73541666666,108840.95,117746.77,6432.6748002897475,886.9619791666628
2025-07-17,118783.29305555555,108980.13,117895.875,6432.6748002897475,887.4180555555504
2025-07-18,118886.94236111111,109076.58,117999.17,6432.6748002897475,887.7704861111124
2025-07-19,118130.64166666666,108372.82,117244.91,6432.6748002897475,885.7354166666628
2025-07-20,118096.7125,108341.25,117211.02,6432.6748002897475,885.6890624999942
2025-07-21,118133.06875,108375.08,117247.31,6432.6748002897475,885.7562500000058
2025-07-22,118568.99166666667,108780.71,117682.22,6432.6748002897475,886.7729166666686
2025-07-23,118498.01666666666,108714.67,117611.445,6432.6748002897475,886.5713541666628
2025-07-24,118655.93194444444,108861.62,117768.92,6432.6748002897475,887.0100694444409
2025-07-25,116312.82361111112,106681.27,115426.74,6432.6748002897475,886.0814236111182
2025-07-26,117830.39166666666,108093.42,116945.086,6432.6748002897475,885.3057291666628
2025-07-27,118547.18263888889,108760.414,117660.484,6432.6748002897475,886.6982638888876
2025-07-28,118653.34305555555,108859.2,117766.33,6432.6748002897475,887.0149305555533
2025-07-29,118186.41805555555,108424.72,117300.55,6432.6748002897475,885.8711805555504
2025-07-30,117779.60763888889,108046.17,116894.37,6432.6748002897475,885.2404513888905
2025-07-31,117959.38958333334,108213.45,117073.92,6432.6748002897475,885.4677083333372
2025-08-01,114831.94027777777,105303.27,113940.32,6432.6748002897475,891.6199652777723
2025-08-02,113308.53055555555,103885.7,112406.484,6432.6748002897475,902.0461805555533
2025-08-03,113800.62847222222,104343.61,112902.46,6432.6748002897475,898.167534722219
2025-08-04,114750.86597222222,105227.83,113858.81,6432.6748002897475,892.0534722222219
2025-08-05,114088.29097222222,104611.27,113192.17,6432.6748002897475,896.1190972222248
2025-08-06,114429.5013888889,104928.79,113535.59,6432.6748002897475,893.9076388888934
2025-08-07,115910.67152777778,106307.07,115023.555,6432.6748002897475,887.1168402777839
2025-08-08,116710.3423611111,107051.18,115824.94,6432.6748002897475,885.4048611111066
2025-08-09,116797.87291666666,107132.64,115912.58,6432.6748002897475,885.2947916666599
2025-08-10,118235.24166666667,108470.15,117349.3,6432.6748002897475,885.9447916666686
2025-08-11,120367.00625,110453.82,119471.49,6432.6748002897475,895.5140625000058
2025-08-12,119212.30902777778,109379.34,118323.266,6432.6748002897475,889.043402777781
2025-08-13,120820.33611111112,110875.65,119921.43,6432.6748002897475,898.9064236111153
2025-08-14,120444.41319444444,110525.84,119548.35,6432.6748002897475,896.061631944438
2025-08-15,118263.7875,108496.71,117377.78,6432.6748002897475,886.0062500000058
2025-08-16,117686.19166666667,107959.234,116801.016,6432.6748002897475,885.1760416666657
2025-08-17,117979.57916666666,108232.25,117094.08,6432.6748002897475,885.5010416666628
2025-08-18,115898.13055555556,106295.38,115010.945,6432.6748002897475,887.1852430555591
2025-08-19,114629.31180555555,105114.72,113736.57,6432.6748002897475,892.7414930555533
2025-08-20,113705.26875,104254.87,112806.375,6432.6748002897475,898.8937500000029
2025-08-21,113257.84861111111,103838.53,112355.375,6432.6748002897475,902.4736111111124
2025-08-22,114394.36666666667,104896.09,113500.22,6432.6748002897475,894.1479166666686
2025-08-23,115467.21805555555,105894.414,114578.55,6432.6748002897475,888.6711805555533
2025-08-24,114479.0923611111,104974.94,113585.48,6432.6748002897475,893.6157986111066
2025-08-25,111824.29444444444,102505.03,110907.65,6432.6748002897475,916.6460069444438
2025-08-26,110310.48055555555,101097.41,109374.6,6432.6748002897475,935.8789930555504
2025-08-27,111502.12152777778,102205.445,110581.75,6432.6748002897475,920.371527777781
2025-08-28,112518.32777777778,103150.38,111609.04,6432.6748002897475,909.2887152777839
2025-08-29,109820.2486111111,100641.555,108877.26,6432.6748002897475,942.9907986111066
2025-08-30,108509.76041666667,99422.984,107545.61,6432.6748002897475,964.1510416666715
2025-08-31,108824.05694444444,99715.234,107865.23,6432.6748002897475,958.8303819444409
2025-09-01,108588.78402777777,99496.47,107625.984,6432.6748002897475,962.7996527777723
2025-09-02,110399.22083333334,101179.92,109464.58,6432.6748002897475,934.6427083333401
2025-09-03,111554.24236111112,102253.914,110634.484,6432.6748002897475,919.7579861111153
2025-09-04,110684.66527777778,101445.336,109753.945,6432.6748002897475,930.7199652777781
2025-09-05,111521.19861111112,102223.195,110601.03,6432.6748002897475,920.1673611111182
2025-09-06,110622.43194444444,101387.47,109690.87,6432.6748002897475,931.5647569444409
2025-09-07,110969.28888888888,101710.0,110042.32,6432.6748002897475,926.9685763888847
2025-09-08,111798.66597222222,102481.19,110881.73,6432.6748002897475,916.9394097222248
2025-09-09,111925.67916666667,102599.305,111010.15,6432.6748002897475,915.5307291666686
2025-09-10,112750.3625,103366.3,111843.33,6432.6748002897475,907.0343750000029
2025-09-11,114276.22777777778,104786.164,113381.34,6432.6748002897475,894.8840277777781
2025-09-12,115552.69444444444,105973.95,114664.34,6432.6748002897475,888.350694444438
2025-09-13,115899.39861111112,106296.58,115012.23,6432.6748002897475,887.1720486111153
2025-09-14,115780.83888888889,106186.25,114893.3,6432.6748002897475,887.5420138888876
2025-09-15,115291.87222222223,105731.26,114402.46,6432.6748002897475,889.4112847222277
2025-09-16,115833.82847222222,106235.57,114946.46,6432.6748002897475,887.3675347222161
2025-09-17,116340.97916666667,106707.48,115454.95,6432.6748002897475,886.0260416666715
2025-09-18,117306.5125,107605.945,116421.51,6432.6748002897475,885.0046874999971
2025-09-19,116378.17569444445,106742.1,115492.22,6432.6748002897475,885.9569444444496
2025-09-20,115831.9375,106233.81,114944.56,6432.6748002897475,887.375
2025-09-21,115618.3451388889,106035.05,114730.23,6432.6748002897475,888.1185763888934
2025-09-22,113209.25,103793.305,112306.35,6432.6748002897475,902.8984375
2025-09-23,112567.60972222222,103196.26,111658.82,6432.6748002897475,908.7894097222161
2025-09-24,112967.89930555556,103568.73,112062.87,6432.6748002897475,905.032118055562
2025-09-25,111217.58958333333,101940.875,110293.75,6432.6748002897475,923.8395833333343
2025-09-26,109444.71180555556,100292.36,108495.96,6432.6748002897475,948.750868055562
2025-09-27,109481.98470097357,100327.016,108533.805,6432.6748002897475,948.1800134735677
